Year,Month,Vehicle,Brand,Campaign,SubType0,Currency,Fact,Spend,Original Value
2022,1,DIGITAL,BRAND1,CAMPAIGN10,SEARCH,PHP,IMPRESSIONS,3094.789828,1470
2022,1,DIGITAL,BRAND1,CAMPAIGN79,GOOGLE SHOPPING,PHP,IMPRESSIONS,9102.208,257772
2022,1,DIGITAL,BRAND10,CAMPAIGN28,SOCIAL MEDIA,PHP,IMPRESSIONS,147976.0817,2256431
2022,1,DIGITAL,BRAND10,CAMPAIGN29,SOCIAL MEDIA,PHP,IMPRESSIONS,1180732.799,57504164
2022,1,DIGITAL,BRAND10,CAMPAIGN35,SOCIAL MEDIA,PHP,IMPRESSIONS,609170.2457,31856893
2022,1,DIGITAL,BRAND10,CAMPAIGN36,VIDEO,PHP,IMPRESSIONS,218828.9509,4747089
2022,1,DIGITAL,BRAND10,CAMPAIGN38,SOCIAL MEDIA,PHP,IMPRESSIONS,49722.29035,1059355
2022,1,DIGITAL,BRAND2,CAMPAIGN10,SEARCH,PHP,IMPRESSIONS,3369.344602,1736
2022,1,DIGITAL,BRAND2,CAMPAIGN79,GOOGLE SHOPPING,PHP,IMPRESSIONS,1241.1837,47442
2022,1,DIGITAL,BRAND3,CAMPAIGN10,SEARCH,PHP,IMPRESSIONS,35027.8243,11553
2022,1,DIGITAL,BRAND3,CAMPAIGN13,SOCIAL MEDIA,PHP,IMPRESSIONS,306957.3277,6155580
2022,1,DIGITAL,BRAND3,CAMPAIGN13,VIDEO,PHP,IMPRESSIONS,330608.1018,6105311
2022,1,DIGITAL,BRAND3,CAMPAIGN24,SOCIAL MEDIA,PHP,IMPRESSIONS,118396.9157,5531367
2022,1,DIGITAL,BRAND3,CAMPAIGN26,SOCIAL MEDIA,PHP,IMPRESSIONS,133196.4015,4685852
2022,1,DIGITAL,BRAND3,CAMPAIGN31,SOCIAL MEDIA,PHP,IMPRESSIONS,151629.8207,5270966
2022,1,DIGITAL,BRAND3,CAMPAIGN32,SOCIAL MEDIA,PHP,IMPRESSIONS,281986.1195,7577345
2022,1,DIGITAL,BRAND3,CAMPAIGN34,SOCIAL MEDIA,PHP,IMPRESSIONS,422460.1565,24169512
2022,1,DIGITAL,BRAND3,CAMPAIGN79,GOOGLE SHOPPING,PHP,IMPRESSIONS,27441.1887,730133
2022,1,DIGITAL,BRAND3,CAMPAIGN80,SOCIAL MEDIA,PHP,IMPRESSIONS,260.5233015,2332
2022,1,DIGITAL,BRAND6,CAMPAIGN10,SEARCH,PHP,IMPRESSIONS,124394.8773,106055
2022,1,DIGITAL,BRAND6,CAMPAIGN17,SOCIAL MEDIA,PHP,IMPRESSIONS,50467.05962,3776855
2022,1,DIGITAL,BRAND6,CAMPAIGN19,ON PLATFORM AFFILIATES,PHP,SPEND,265692.79,265692.79
2022,1,DIGITAL,BRAND6,CAMPAIGN33,SOCIAL MEDIA,PHP,IMPRESSIONS,4255544.822,97443415
2022,1,DIGITAL,BRAND6,CAMPAIGN33,VIDEO,PHP,IMPRESSIONS,1495119.432,31654146
2022,1,DIGITAL,BRAND6,CAMPAIGN37,SOCIAL MEDIA,PHP,IMPRESSIONS,129596.6909,4446441
2022,1,DIGITAL,BRAND6,CAMPAIGN8,ON PLATFORM SEARCH,PHP,IMPRESSIONS,216307.75,1931653
2022,1,DIGITAL,BRAND8,CAMPAIGN10,SEARCH,PHP,IMPRESSIONS,45322.57639,31504
2022,1,DIGITAL,BRAND8,CAMPAIGN15,SOCIAL MEDIA,PHP,IMPRESSIONS,459955.2719,9906348
2022,1,DIGITAL,BRAND9,CAMPAIGN10,SEARCH,PHP,IMPRESSIONS,42088.93127,72568
2022,1,DIGITAL,BRAND9,CAMPAIGN79,GOOGLE SHOPPING,PHP,IMPRESSIONS,1133.4476,35945
2022,1,RADIO,BRAND6,CAMPAIGN4,X,PHP,SPEND,796450,796450
2022,1,TV,BRAND10,CAMPAIGN36,COMMERCIALAD,PHP,GRP,4628770.2,9617.52
2022,1,TV,BRAND2,CAMPAIGN2,COMMERCIALAD,PHP,GRP,1499949.644,4332.24
2022,1,TV,BRAND6,CAMPAIGN33,COMMERCIALAD,PHP,GRP,4770000.93,6816.96
2022,2,DIGITAL,BRAND1,CAMPAIGN10,SEARCH,PHP,IMPRESSIONS,3797.48174,1699
2022,2,DIGITAL,BRAND1,CAMPAIGN79,GOOGLE SHOPPING,PHP,IMPRESSIONS,12410.8536,368933
2022,2,DIGITAL,BRAND10,CAMPAIGN28,SOCIAL MEDIA,PHP,IMPRESSIONS,354586.4387,7019716
2022,2,DIGITAL,BRAND10,CAMPAIGN29,SOCIAL MEDIA,PHP,IMPRESSIONS,316397.0268,11493314
2022,2,DIGITAL,BRAND10,CAMPAIGN35,SOCIAL MEDIA,PHP,IMPRESSIONS,670896.6809,32742071
2022,2,DIGITAL,BRAND10,CAMPAIGN36,VIDEO,PHP,IMPRESSIONS,231932.453,5180019
2022,2,DIGITAL,BRAND10,CAMPAIGN38,SOCIAL MEDIA,PHP,IMPRESSIONS,152083.884,3937450
2022,2,DIGITAL,BRAND2,CAMPAIGN10,SEARCH,PHP,IMPRESSIONS,3236.800918,1718
2022,2,DIGITAL,BRAND2,CAMPAIGN79,GOOGLE SHOPPING,PHP,IMPRESSIONS,1306.4875,52105
2022,2,DIGITAL,BRAND3,CAMPAIGN10,SEARCH,PHP,IMPRESSIONS,41839.09695,13772
2022,2,DIGITAL,BRAND3,CAMPAIGN13,SOCIAL MEDIA,PHP,IMPRESSIONS,365897.6881,3706677
2022,2,DIGITAL,BRAND3,CAMPAIGN13,VIDEO,PHP,IMPRESSIONS,297912.5827,5479453
2022,2,DIGITAL,BRAND3,CAMPAIGN24,SOCIAL MEDIA,PHP,IMPRESSIONS,146144.988,5318290
2022,2,DIGITAL,BRAND3,CAMPAIGN31,SOCIAL MEDIA,PHP,IMPRESSIONS,149733.1627,4312897
2022,2,DIGITAL,BRAND3,CAMPAIGN34,SOCIAL MEDIA,PHP,IMPRESSIONS,165162.4687,7835221
2022,2,DIGITAL,BRAND3,CAMPAIGN79,GOOGLE SHOPPING,PHP,IMPRESSIONS,29354.9447,798213
2022,2,DIGITAL,BRAND3,CAMPAIGN80,SOCIAL MEDIA,PHP,IMPRESSIONS,58.69797225,814
2022,2,DIGITAL,BRAND6,CAMPAIGN10,SEARCH,PHP,IMPRESSIONS,49901.64509,65445
2022,2,DIGITAL,BRAND6,CAMPAIGN17,SOCIAL MEDIA,PHP,IMPRESSIONS,49835.89922,3883852
2022,2,DIGITAL,BRAND6,CAMPAIGN19,ON PLATFORM AFFILIATES,PHP,SPEND,218772.82,218772.82
2022,2,DIGITAL,BRAND6,CAMPAIGN33,SOCIAL MEDIA,PHP,IMPRESSIONS,2597328.661,48258797
2022,2,DIGITAL,BRAND6,CAMPAIGN33,VIDEO,PHP,IMPRESSIONS,561323.6489,7629699
2022,2,DIGITAL,BRAND6,CAMPAIGN37,SOCIAL MEDIA,PHP,IMPRESSIONS,72249.45696,3210568
2022,2,DIGITAL,BRAND6,CAMPAIGN8,ON PLATFORM SEARCH,PHP,IMPRESSIONS,314169.5,2918854
2022,2,DIGITAL,BRAND8,CAMPAIGN10,SEARCH,PHP,IMPRESSIONS,15064.74681,15877
2022,2,DIGITAL,BRAND8,CAMPAIGN15,SOCIAL MEDIA,PHP,IMPRESSIONS,204528.0216,2185773
2022,2,DIGITAL,BRAND9,CAMPAIGN10,SEARCH,PHP,IMPRESSIONS,15918.39126,51461
2022,2,DIGITAL,BRAND9,CAMPAIGN16,SOCIAL MEDIA,PHP,IMPRESSIONS,1302385.61,43176249
2022,2,DIGITAL,BRAND9,CAMPAIGN79,GOOGLE SHOPPING,PHP,IMPRESSIONS,1477.374,63974
2022,2,TV,BRAND10,CAMPAIGN36,COMMERCIALAD,PHP,GRP,1621228.01,2747.88
2022,2,TV,BRAND2,CAMPAIGN2,COMMERCIALAD,PHP,GRP,587961.745,1201.08
2022,2,TV,BRAND6,CAMPAIGN33,COMMERCIALAD,PHP,GRP,5248509.62,5781.96
2022,3,DIGITAL,BRAND1,CAMPAIGN10,SEARCH,PHP,IMPRESSIONS,3993.141464,1146
2022,3,DIGITAL,BRAND1,CAMPAIGN21,SOCIAL MEDIA,PHP,IMPRESSIONS,42040.54231,499670
2022,3,DIGITAL,BRAND1,CAMPAIGN79,GOOGLE SHOPPING,PHP,IMPRESSIONS,37721.3148,667509
2022,3,DIGITAL,BRAND10,CAMPAIGN28,SOCIAL MEDIA,PHP,IMPRESSIONS,125548.8489,2874663
2022,3,DIGITAL,BRAND10,CAMPAIGN29,SOCIAL MEDIA,PHP,IMPRESSIONS,381089.9158,12658559
2022,3,DIGITAL,BRAND10,CAMPAIGN35,SOCIAL MEDIA,PHP,IMPRESSIONS,751973.442,36639438
2022,3,DIGITAL,BRAND10,CAMPAIGN36,VIDEO,PHP,IMPRESSIONS,267300.8056,5777045
2022,3,DIGITAL,BRAND2,CAMPAIGN10,SEARCH,PHP,IMPRESSIONS,3267.832971,1326
2022,3,DIGITAL,BRAND2,CAMPAIGN79,GOOGLE SHOPPING,PHP,IMPRESSIONS,2522.1569,73085
2022,3,DIGITAL,BRAND3,CAMPAIGN10,SEARCH,PHP,IMPRESSIONS,36494.2203,10094
2022,3,DIGITAL,BRAND3,CAMPAIGN13,SOCIAL MEDIA,PHP,IMPRESSIONS,108030.3347,5530280
2022,3,DIGITAL,BRAND3,CAMPAIGN24,SOCIAL MEDIA,PHP,IMPRESSIONS,146089.975,4541785
2022,3,DIGITAL,BRAND3,CAMPAIGN31,SOCIAL MEDIA,PHP,IMPRESSIONS,194785.605,4779659
2022,3,DIGITAL,BRAND3,CAMPAIGN32,SOCIAL MEDIA,PHP,IMPRESSIONS,292179.95,4101077
2022,3,DIGITAL,BRAND3,CAMPAIGN79,GOOGLE SHOPPING,PHP,IMPRESSIONS,69817.8168,1323521
2022,3,DIGITAL,BRAND6,CAMPAIGN10,SEARCH,PHP,IMPRESSIONS,103390.9111,88771
2022,3,DIGITAL,BRAND6,CAMPAIGN17,SOCIAL MEDIA,PHP,IMPRESSIONS,18269.98971,764894
2022,3,DIGITAL,BRAND6,CAMPAIGN19,ON PLATFORM AFFILIATES,PHP,SPEND,377758.15,377758.15
2022,3,DIGITAL,BRAND6,CAMPAIGN33,SOCIAL MEDIA,PHP,IMPRESSIONS,777141.4889,4584352
2022,3,DIGITAL,BRAND6,CAMPAIGN33,VIDEO,PHP,IMPRESSIONS,501261.1748,5472139
2022,3,DIGITAL,BRAND6,CAMPAIGN8,ON PLATFORM SEARCH,PHP,IMPRESSIONS,532811.9,3304045
2022,3,DIGITAL,BRAND8,CAMPAIGN10,SEARCH,PHP,IMPRESSIONS,24477.97821,19236
2022,3,DIGITAL,BRAND8,CAMPAIGN15,SOCIAL MEDIA,PHP,IMPRESSIONS,138327.5072,1511583
2022,3,DIGITAL,BRAND9,CAMPAIGN10,SEARCH,PHP,IMPRESSIONS,27997.22341,51416
2022,3,DIGITAL,BRAND9,CAMPAIGN16,SOCIAL MEDIA,PHP,IMPRESSIONS,1535383.555,59888087
2022,3,DIGITAL,BRAND9,CAMPAIGN79,GOOGLE SHOPPING,PHP,IMPRESSIONS,5283.5072,148395
2022,3,TV,BRAND10,CAMPAIGN36,COMMERCIALAD,PHP,GRP,1054505.24,2077.56
2022,3,TV,BRAND2,CAMPAIGN2,COMMERCIALAD,PHP,GRP,556367.6445,1605.12
2022,3,TV,BRAND6,CAMPAIGN33,COMMERCIALAD,PHP,GRP,4768767.844,5679.72
2022,4,DIGITAL,BRAND1,CAMPAIGN10,SEARCH,PHP,IMPRESSIONS,3017.998646,1447
2022,4,DIGITAL,BRAND1,CAMPAIGN21,SOCIAL MEDIA,PHP,IMPRESSIONS,60927.49131,723978
2022,4,DIGITAL,BRAND1,CAMPAIGN79,GOOGLE SHOPPING,PHP,IMPRESSIONS,39303.4928,677781
2022,4,DIGITAL,BRAND2,CAMPAIGN10,SEARCH,PHP,IMPRESSIONS,3076.90695,1877
2022,4,DIGITAL,BRAND2,CAMPAIGN79,GOOGLE SHOPPING,PHP,IMPRESSIONS,2839.2614,82795
2022,4,DIGITAL,BRAND3,CAMPAIGN10,SEARCH,PHP,IMPRESSIONS,30982.08614,11583
2022,4,DIGITAL,BRAND3,CAMPAIGN13,SOCIAL MEDIA,PHP,IMPRESSIONS,212510.4494,10703206
2022,4,DIGITAL,BRAND3,CAMPAIGN24,SOCIAL MEDIA,PHP,IMPRESSIONS,147811.9123,3798957
2022,4,DIGITAL,BRAND3,CAMPAIGN31,SOCIAL MEDIA,PHP,IMPRESSIONS,197082.5497,3717658
2022,4,DIGITAL,BRAND3,CAMPAIGN32,SOCIAL MEDIA,PHP,IMPRESSIONS,295623.8246,3948973
2022,4,DIGITAL,BRAND3,CAMPAIGN34,SOCIAL MEDIA,PHP,IMPRESSIONS,294213.6888,14078375
2022,4,DIGITAL,BRAND3,CAMPAIGN79,GOOGLE SHOPPING,PHP,IMPRESSIONS,82259.943,1518212
2022,4,DIGITAL,BRAND6,CAMPAIGN10,SEARCH,PHP,IMPRESSIONS,203967.8987,142629
2022,4,DIGITAL,BRAND6,CAMPAIGN17,SOCIAL MEDIA,PHP,IMPRESSIONS,31540.66309,1053262
2022,4,DIGITAL,BRAND6,CAMPAIGN19,ON PLATFORM AFFILIATES,PHP,SPEND,131115.4,131115.4
2022,4,DIGITAL,BRAND6,CAMPAIGN33,SOCIAL MEDIA,PHP,IMPRESSIONS,142176.2436,1858790
2022,4,DIGITAL,BRAND6,CAMPAIGN33,VIDEO,PHP,IMPRESSIONS,280529.0911,3925085
2022,4,DIGITAL,BRAND6,CAMPAIGN8,ON PLATFORM SEARCH,PHP,IMPRESSIONS,399259.82,2186056
2022,4,DIGITAL,BRAND8,CAMPAIGN10,SEARCH,PHP,IMPRESSIONS,51498.4809,31617
2022,4,DIGITAL,BRAND8,CAMPAIGN15,SOCIAL MEDIA,PHP,IMPRESSIONS,235799.3732,2535476
2022,4,DIGITAL,BRAND9,CAMPAIGN10,SEARCH,PHP,IMPRESSIONS,54782.09289,78727
2022,4,DIGITAL,BRAND9,CAMPAIGN16,SOCIAL MEDIA,PHP,IMPRESSIONS,2934710.033,106135721
2022,4,DIGITAL,BRAND9,CAMPAIGN79,GOOGLE SHOPPING,PHP,IMPRESSIONS,65.4526,929
2022,4,TV,BRAND2,CAMPAIGN2,COMMERCIALAD,PHP,GRP,726727.3305,1850.28
2022,4,TV,BRAND6,CAMPAIGN33,COMMERCIALAD,PHP,GRP,1790237.445,3959.4
2022,5,DIGITAL,BRAND1,CAMPAIGN10,SEARCH,PHP,IMPRESSIONS,1922.409385,1148
2022,5,DIGITAL,BRAND1,CAMPAIGN21,SOCIAL MEDIA,PHP,IMPRESSIONS,49467.72232,794561
2022,5,DIGITAL,BRAND1,CAMPAIGN79,GOOGLE SHOPPING,PHP,IMPRESSIONS,22153.89742,526181
2022,5,DIGITAL,BRAND2,CAMPAIGN10,SEARCH,PHP,IMPRESSIONS,2101.238165,814
2022,5,DIGITAL,BRAND2,CAMPAIGN79,GOOGLE SHOPPING,PHP,IMPRESSIONS,4654.97765,126600
2022,5,DIGITAL,BRAND3,CAMPAIGN10,SEARCH,PHP,IMPRESSIONS,14186.90789,8321
2022,5,DIGITAL,BRAND3,CAMPAIGN24,SOCIAL MEDIA,PHP,IMPRESSIONS,146869.9059,4728885
2022,5,DIGITAL,BRAND3,CAMPAIGN32,SOCIAL MEDIA,PHP,IMPRESSIONS,119892.3721,1561703
2022,5,DIGITAL,BRAND3,CAMPAIGN34,SOCIAL MEDIA,PHP,IMPRESSIONS,977786.8349,46787198
2022,5,DIGITAL,BRAND3,CAMPAIGN39,SOCIAL MEDIA,PHP,IMPRESSIONS,380945.1415,13502136
2022,5,DIGITAL,BRAND3,CAMPAIGN79,GOOGLE SHOPPING,PHP,IMPRESSIONS,115622.1059,2382480
2022,5,DIGITAL,BRAND6,CAMPAIGN10,SEARCH,PHP,IMPRESSIONS,176262.587,138373
2022,5,DIGITAL,BRAND6,CAMPAIGN19,ON PLATFORM AFFILIATES,PHP,SPEND,183761.81,183761.81
2022,5,DIGITAL,BRAND6,CAMPAIGN33,SOCIAL MEDIA,PHP,IMPRESSIONS,164487.2378,3758948
2022,5,DIGITAL,BRAND6,CAMPAIGN33,VIDEO,PHP,IMPRESSIONS,299623.5564,3876560
2022,5,DIGITAL,BRAND6,CAMPAIGN8,ON PLATFORM SEARCH,PHP,IMPRESSIONS,336555.42,2151597
2022,5,DIGITAL,BRAND8,CAMPAIGN10,SEARCH,PHP,IMPRESSIONS,48263.78385,37951
2022,5,DIGITAL,BRAND9,CAMPAIGN10,SEARCH,PHP,IMPRESSIONS,39078.82213,78615
2022,5,DIGITAL,BRAND9,CAMPAIGN16,SOCIAL MEDIA,PHP,IMPRESSIONS,195827.0639,19688513
2022,5,DIGITAL,BRAND9,CAMPAIGN79,GOOGLE SHOPPING,PHP,IMPRESSIONS,963.5135,27751
2022,5,TV,BRAND2,CAMPAIGN2,COMMERCIALAD,PHP,GRP,735912.677,1669.8
2022,5,TV,BRAND3,CAMPAIGN81,COMMERCIALAD,PHP,GRP,2069594.714,3625.08
2022,5,TV,BRAND6,CAMPAIGN33,COMMERCIALAD,PHP,GRP,1790659.224,3964.8
2022,6,DIGITAL,BRAND1,CAMPAIGN10,SEARCH,PHP,IMPRESSIONS,728.8825,675
2022,6,DIGITAL,BRAND1,CAMPAIGN79,GOOGLE SHOPPING,PHP,IMPRESSIONS,13121.0319,325757
2022,6,DIGITAL,BRAND2,CAMPAIGN10,SEARCH,PHP,IMPRESSIONS,525.3455,646
2022,6,DIGITAL,BRAND2,CAMPAIGN25,SOCIAL MEDIA,PHP,IMPRESSIONS,7982.5011,208266
2022,6,DIGITAL,BRAND2,CAMPAIGN30,SOCIAL MEDIA,PHP,IMPRESSIONS,384786.6444,17791505
2022,6,DIGITAL,BRAND2,CAMPAIGN40,SOCIAL MEDIA,PHP,IMPRESSIONS,499240.5045,11608071
2022,6,DIGITAL,BRAND2,CAMPAIGN41,SOCIAL MEDIA,PHP,IMPRESSIONS,324668.4699,7557700
2022,6,DIGITAL,BRAND2,CAMPAIGN42,SOCIAL MEDIA,PHP,IMPRESSIONS,519223.4371,10464190
2022,6,DIGITAL,BRAND2,CAMPAIGN79,GOOGLE SHOPPING,PHP,IMPRESSIONS,1920.66194,61024
2022,6,DIGITAL,BRAND3,CAMPAIGN10,SEARCH,PHP,IMPRESSIONS,76221.856,60684
2022,6,DIGITAL,BRAND3,CAMPAIGN11,SOCIAL MEDIA,PHP,IMPRESSIONS,152692.3572,4130309
2022,6,DIGITAL,BRAND3,CAMPAIGN13,SOCIAL MEDIA,PHP,IMPRESSIONS,444352.6267,14959009
2022,6,DIGITAL,BRAND3,CAMPAIGN34,SOCIAL MEDIA,PHP,IMPRESSIONS,495567.4868,30029471
2022,6,DIGITAL,BRAND3,CAMPAIGN46,VIDEO,PHP,IMPRESSIONS,1000000,17229743
2022,6,DIGITAL,BRAND3,CAMPAIGN79,GOOGLE SHOPPING,PHP,IMPRESSIONS,99543.00117,2274446
2022,6,DIGITAL,BRAND6,CAMPAIGN10,SEARCH,PHP,IMPRESSIONS,78363.9454,84050
2022,6,DIGITAL,BRAND6,CAMPAIGN19,ON PLATFORM AFFILIATES,PHP,SPEND,349580.4799,349580.4799
2022,6,DIGITAL,BRAND6,CAMPAIGN33,SOCIAL MEDIA,PHP,IMPRESSIONS,92922.892,2009580
2022,6,DIGITAL,BRAND6,CAMPAIGN33,VIDEO,PHP,IMPRESSIONS,23143.4333,306785
2022,6,DIGITAL,BRAND6,CAMPAIGN43,SOCIAL MEDIA,PHP,IMPRESSIONS,57714.2916,578689
2022,6,DIGITAL,BRAND6,CAMPAIGN44,SOCIAL MEDIA,PHP,IMPRESSIONS,289381.2052,24349921
2022,6,DIGITAL,BRAND6,CAMPAIGN8,ON PLATFORM SEARCH,PHP,IMPRESSIONS,394545.42,2835627
2022,6,DIGITAL,BRAND8,CAMPAIGN10,SEARCH,PHP,IMPRESSIONS,39570.3433,32242
2022,6,DIGITAL,BRAND8,CAMPAIGN45,SOCIAL MEDIA,PHP,IMPRESSIONS,173051.0081,8066645
2022,6,DIGITAL,BRAND8,CAMPAIGN49,SOCIAL MEDIA,PHP,IMPRESSIONS,253615.1424,1014139
2022,6,DIGITAL,BRAND9,CAMPAIGN10,SEARCH,PHP,IMPRESSIONS,32892.1293,66120
2022,6,DIGITAL,BRAND9,CAMPAIGN47,SOCIAL MEDIA,PHP,IMPRESSIONS,410274.4818,32103982
2022,6,DIGITAL,BRAND9,CAMPAIGN48,SOCIAL MEDIA,PHP,IMPRESSIONS,188244.22,2535069
2022,6,DIGITAL,BRAND9,CAMPAIGN79,GOOGLE SHOPPING,PHP,IMPRESSIONS,2036.23943,59364
2022,6,RADIO,BRAND3,CAMPAIGN5,X,PHP,SPEND,1190000.34,1190000.34
2022,6,TV,BRAND2,CAMPAIGN2,COMMERCIALAD,PHP,GRP,703526.589,1850.4
2022,6,TV,BRAND3,CAMPAIGN81,COMMERCIALAD,PHP,GRP,2231830.108,3776.16
2022,6,TV,BRAND6,CAMPAIGN33,COMMERCIALAD,PHP,GRP,1792466.757,4124.16
2022,7,DIGITAL,BRAND1,CAMPAIGN10,SEARCH,PHP,IMPRESSIONS,492.526,744
2022,7,DIGITAL,BRAND1,CAMPAIGN79,GOOGLE SHOPPING,PHP,IMPRESSIONS,13317.6093,338583
2022,7,DIGITAL,BRAND2,CAMPAIGN10,SEARCH,PHP,IMPRESSIONS,648.0314,581
2022,7,DIGITAL,BRAND2,CAMPAIGN50,SOCIAL MEDIA,PHP,IMPRESSIONS,102494.6606,3073862
2022,7,DIGITAL,BRAND2,CAMPAIGN79,GOOGLE SHOPPING,PHP,IMPRESSIONS,2011.6855,73895
2022,7,DIGITAL,BRAND3,CAMPAIGN10,SEARCH,PHP,IMPRESSIONS,76769.3082,58599
2022,7,DIGITAL,BRAND3,CAMPAIGN11,SOCIAL MEDIA,PHP,IMPRESSIONS,72676.9152,2610671
2022,7,DIGITAL,BRAND3,CAMPAIGN13,SOCIAL MEDIA,PHP,IMPRESSIONS,392363.367,16322013
2022,7,DIGITAL,BRAND3,CAMPAIGN13,VIDEO,PHP,IMPRESSIONS,710401.6199,8862359
2022,7,DIGITAL,BRAND3,CAMPAIGN34,SOCIAL MEDIA,PHP,IMPRESSIONS,628287.7482,29596323
2022,7,DIGITAL,BRAND3,CAMPAIGN34,VIDEO,PHP,IMPRESSIONS,225191.6643,3692503
2022,7,DIGITAL,BRAND3,CAMPAIGN52,SOCIAL MEDIA,PHP,IMPRESSIONS,64805.907,1186216
2022,7,DIGITAL,BRAND3,CAMPAIGN53,SOCIAL MEDIA,PHP,IMPRESSIONS,106135.4792,2285453
2022,7,DIGITAL,BRAND3,CAMPAIGN54,SOCIAL MEDIA,PHP,IMPRESSIONS,126319.084,3032075
2022,7,DIGITAL,BRAND3,CAMPAIGN79,GOOGLE SHOPPING,PHP,IMPRESSIONS,86117.6272,2164027
2022,7,DIGITAL,BRAND5,CAMPAIGN6,SOCIAL MEDIA,PHP,IMPRESSIONS,183229.6332,10393731
2022,7,DIGITAL,BRAND6,CAMPAIGN10,SEARCH,PHP,IMPRESSIONS,102409.9904,90533
2022,7,DIGITAL,BRAND6,CAMPAIGN19,ON PLATFORM AFFILIATES,PHP,SPEND,307900.82,307900.82
2022,7,DIGITAL,BRAND6,CAMPAIGN33,SOCIAL MEDIA,PHP,IMPRESSIONS,207407.6792,4669071
2022,7,DIGITAL,BRAND6,CAMPAIGN43,SOCIAL MEDIA,PHP,IMPRESSIONS,18298.171,185442
2022,7,DIGITAL,BRAND6,CAMPAIGN44,SOCIAL MEDIA,PHP,IMPRESSIONS,14893.1008,1432186
2022,7,DIGITAL,BRAND6,CAMPAIGN8,ON PLATFORM SEARCH,PHP,IMPRESSIONS,643996.6,3659733
2022,7,DIGITAL,BRAND8,CAMPAIGN10,SEARCH,PHP,IMPRESSIONS,50563.0512,38253
2022,7,DIGITAL,BRAND8,CAMPAIGN45,SOCIAL MEDIA,PHP,IMPRESSIONS,1218949.83,40902461
2022,7,DIGITAL,BRAND8,CAMPAIGN51,VIDEO,PHP,IMPRESSIONS,603356.7609,12314705
2022,7,DIGITAL,BRAND9,CAMPAIGN10,SEARCH,PHP,IMPRESSIONS,32615.7358,64178
2022,7,DIGITAL,BRAND9,CAMPAIGN47,SOCIAL MEDIA,PHP,IMPRESSIONS,889142.246,45289237
2022,7,DIGITAL,BRAND9,CAMPAIGN79,GOOGLE SHOPPING,PHP,IMPRESSIONS,1102.9465,30910
2022,7,RADIO,BRAND3,CAMPAIGN5,X,PHP,SPEND,99776.8675,99776.8675
2022,7,TV,BRAND2,CAMPAIGN2,COMMERCIALAD,PHP,GRP,704907.142,2037.96
2022,7,TV,BRAND3,CAMPAIGN81,COMMERCIALAD,PHP,GRP,2435937.931,3222.72
2022,7,TV,BRAND6,CAMPAIGN33,COMMERCIALAD,PHP,GRP,1998632.659,4772.4
2022,8,DIGITAL,BRAND1,CAMPAIGN10,SEARCH,PHP,IMPRESSIONS,844.7248,748
2022,8,DIGITAL,BRAND1,CAMPAIGN79,GOOGLE SHOPPING,PHP,IMPRESSIONS,27399.4697,539357
2022,8,DIGITAL,BRAND2,CAMPAIGN10,SEARCH,PHP,IMPRESSIONS,2231.6032,917
2022,8,DIGITAL,BRAND2,CAMPAIGN50,SOCIAL MEDIA,PHP,IMPRESSIONS,355674.1328,12527718
2022,8,DIGITAL,BRAND2,CAMPAIGN79,GOOGLE SHOPPING,PHP,IMPRESSIONS,3635.5054,96811
2022,8,DIGITAL,BRAND3,CAMPAIGN10,SEARCH,PHP,IMPRESSIONS,125155.9336,77516
2022,8,DIGITAL,BRAND3,CAMPAIGN13,SOCIAL MEDIA,PHP,IMPRESSIONS,738741.0824,27268965
2022,8,DIGITAL,BRAND3,CAMPAIGN13,VIDEO,PHP,IMPRESSIONS,316583.5735,7440220
2022,8,DIGITAL,BRAND3,CAMPAIGN34,SOCIAL MEDIA,PHP,IMPRESSIONS,205845.7112,4220478
2022,8,DIGITAL,BRAND3,CAMPAIGN34,VIDEO,PHP,IMPRESSIONS,527623.841,11375705
2022,8,DIGITAL,BRAND3,CAMPAIGN52,SOCIAL MEDIA,PHP,IMPRESSIONS,37062.16,590366
2022,8,DIGITAL,BRAND3,CAMPAIGN53,SOCIAL MEDIA,PHP,IMPRESSIONS,52340.3184,1312217
2022,8,DIGITAL,BRAND3,CAMPAIGN54,SOCIAL MEDIA,PHP,IMPRESSIONS,56557.1936,1470431
2022,8,DIGITAL,BRAND3,CAMPAIGN55,SOCIAL MEDIA,PHP,IMPRESSIONS,99496.996,8042558
2022,8,DIGITAL,BRAND3,CAMPAIGN79,GOOGLE SHOPPING,PHP,IMPRESSIONS,165381.6331,3182628
2022,8,DIGITAL,BRAND5,CAMPAIGN6,SOCIAL MEDIA,PHP,IMPRESSIONS,1368809.05,72492760
2022,8,DIGITAL,BRAND5,CAMPAIGN6,VIDEO,PHP,IMPRESSIONS,225675.1718,4583154
2022,8,DIGITAL,BRAND5,CAMPAIGN82,SOCIAL MEDIA,PHP,IMPRESSIONS,177000,2822940
2022,8,DIGITAL,BRAND5,CAMPAIGN83,SOCIAL MEDIA,PHP,IMPRESSIONS,35000,107000
2022,8,DIGITAL,BRAND5,CAMPAIGN84,SOCIAL MEDIA,PHP,IMPRESSIONS,50000,3800000
2022,8,DIGITAL,BRAND6,CAMPAIGN10,SEARCH,PHP,IMPRESSIONS,139566.8712,113149
2022,8,DIGITAL,BRAND6,CAMPAIGN19,ON PLATFORM AFFILIATES,PHP,SPEND,303200.9299,303200.9299
2022,8,DIGITAL,BRAND6,CAMPAIGN33,SOCIAL MEDIA,PHP,IMPRESSIONS,210778.5216,4702159
2022,8,DIGITAL,BRAND6,CAMPAIGN8,ON PLATFORM SEARCH,PHP,IMPRESSIONS,605238.82,2950698
2022,8,DIGITAL,BRAND8,CAMPAIGN10,SEARCH,PHP,IMPRESSIONS,81194.8128,55244
2022,8,DIGITAL,BRAND8,CAMPAIGN45,SOCIAL MEDIA,PHP,IMPRESSIONS,178256.0544,4195816
2022,8,DIGITAL,BRAND8,CAMPAIGN51,VIDEO,PHP,IMPRESSIONS,772357.2262,17239332
2022,8,DIGITAL,BRAND9,CAMPAIGN10,SEARCH,PHP,IMPRESSIONS,50293.7448,75411
2022,8,DIGITAL,BRAND9,CAMPAIGN42,SOCIAL MEDIA,PHP,IMPRESSIONS,77050.4872,2151084
2022,8,DIGITAL,BRAND9,CAMPAIGN47,SOCIAL MEDIA,PHP,IMPRESSIONS,942867.5368,33257741
2022,8,DIGITAL,BRAND9,CAMPAIGN56,VIDEO,PHP,IMPRESSIONS,260283.969,5559714
2022,8,DIGITAL,BRAND9,CAMPAIGN57,SOCIAL MEDIA,PHP,IMPRESSIONS,77200.648,1524405
2022,8,DIGITAL,BRAND9,CAMPAIGN79,GOOGLE SHOPPING,PHP,IMPRESSIONS,2308.4246,70272
2022,8,RADIO,BRAND3,CAMPAIGN5,X,PHP,SPEND,71400.017,71400.017
2022,8,RADIO,BRAND5,CAMPAIGN6,X,PHP,SPEND,1230120,1230120
2022,8,TV,BRAND2,CAMPAIGN2,COMMERCIALAD,PHP,GRP,703580.054,1624.68
2022,8,TV,BRAND3,CAMPAIGN81,COMMERCIALAD,PHP,GRP,2072394.648,2309.16
2022,8,TV,BRAND5,CAMPAIGN6,COMMERCIALAD,PHP,GRP,1949318.957,3710.76
2022,8,TV,BRAND6,CAMPAIGN33,COMMERCIALAD,PHP,GRP,1996798.776,4140.36
2022,9,DIGITAL,BRAND1,CAMPAIGN10,SEARCH,PHP,IMPRESSIONS,891.825,877
2022,9,DIGITAL,BRAND1,CAMPAIGN79,GOOGLE SHOPPING,PHP,IMPRESSIONS,11014.6461,282773
2022,9,DIGITAL,BRAND2,CAMPAIGN10,SEARCH,PHP,IMPRESSIONS,827.7875,457
2022,9,DIGITAL,BRAND2,CAMPAIGN50,SOCIAL MEDIA,PHP,IMPRESSIONS,3272.9625,113960
2022,9,DIGITAL,BRAND2,CAMPAIGN79,GOOGLE SHOPPING,PHP,IMPRESSIONS,3231.3692,75405
2022,9,DIGITAL,BRAND3,CAMPAIGN10,SEARCH,PHP,IMPRESSIONS,132569.9625,65060
2022,9,DIGITAL,BRAND3,CAMPAIGN13,SOCIAL MEDIA,PHP,IMPRESSIONS,591312.2875,21584388
2022,9,DIGITAL,BRAND3,CAMPAIGN13,VIDEO,PHP,IMPRESSIONS,972947.3486,16773279
2022,9,DIGITAL,BRAND3,CAMPAIGN34,SOCIAL MEDIA,PHP,IMPRESSIONS,210992.9875,4288723
2022,9,DIGITAL,BRAND3,CAMPAIGN34,VIDEO,PHP,IMPRESSIONS,234627.1553,4489739
2022,9,DIGITAL,BRAND3,CAMPAIGN52,SOCIAL MEDIA,PHP,IMPRESSIONS,31185.0875,476741
2022,9,DIGITAL,BRAND3,CAMPAIGN53,SOCIAL MEDIA,PHP,IMPRESSIONS,89129.625,1817504
2022,9,DIGITAL,BRAND3,CAMPAIGN54,SOCIAL MEDIA,PHP,IMPRESSIONS,114110.125,2403971
2022,9,DIGITAL,BRAND3,CAMPAIGN55,SOCIAL MEDIA,PHP,IMPRESSIONS,106067.8375,6226584
2022,9,DIGITAL,BRAND3,CAMPAIGN79,GOOGLE SHOPPING,PHP,IMPRESSIONS,85006.5927,2149145
2022,9,DIGITAL,BRAND4,CAMPAIGN58,SOCIAL MEDIA,PHP,IMPRESSIONS,675115.6375,22673409
2022,9,DIGITAL,BRAND4,CAMPAIGN59,VIDEO,PHP,IMPRESSIONS,474044.2655,9588511
2022,9,DIGITAL,BRAND4,CAMPAIGN60,OTV,PHP,IMPRESSIONS,490000,1628164
2022,9,DIGITAL,BRAND4,CAMPAIGN61,OTV,PHP,IMPRESSIONS,598217.6471,948151
2022,9,DIGITAL,BRAND4,CAMPAIGN85,SOCIAL MEDIA,PHP,IMPRESSIONS,170000,229730
2022,9,DIGITAL,BRAND4,CAMPAIGN86,SOCIAL MEDIA,PHP,IMPRESSIONS,505000,705935
2022,9,DIGITAL,BRAND4,CAMPAIGN87,SOCIAL MEDIA,PHP,IMPRESSIONS,155500,120004
2022,9,DIGITAL,BRAND5,CAMPAIGN6,SOCIAL MEDIA,PHP,IMPRESSIONS,1979061.885,73863105
2022,9,DIGITAL,BRAND5,CAMPAIGN6,VIDEO,PHP,IMPRESSIONS,582032.3423,14992762
2022,9,DIGITAL,BRAND5,CAMPAIGN82,SOCIAL MEDIA,PHP,IMPRESSIONS,50000,1077000
2022,9,DIGITAL,BRAND5,CAMPAIGN84,SOCIAL MEDIA,PHP,IMPRESSIONS,75000,397000
2022,9,DIGITAL,BRAND6,CAMPAIGN10,SEARCH,PHP,IMPRESSIONS,145366.3,103101
2022,9,DIGITAL,BRAND6,CAMPAIGN19,ON PLATFORM AFFILIATES,PHP,SPEND,588835.7499,588835.7499
2022,9,DIGITAL,BRAND6,CAMPAIGN8,ON PLATFORM SEARCH,PHP,IMPRESSIONS,1082763.03,7875570
2022,9,DIGITAL,BRAND8,CAMPAIGN10,SEARCH,PHP,IMPRESSIONS,61994.7625,40027
2022,9,DIGITAL,BRAND8,CAMPAIGN45,SOCIAL MEDIA,PHP,IMPRESSIONS,147340.8875,5290543
2022,9,DIGITAL,BRAND8,CAMPAIGN51,VIDEO,PHP,IMPRESSIONS,226997.8184,4770860
2022,9,DIGITAL,BRAND9,CAMPAIGN10,SEARCH,PHP,IMPRESSIONS,37849.1,47132
2022,9,DIGITAL,BRAND9,CAMPAIGN42,SOCIAL MEDIA,PHP,IMPRESSIONS,110283.15,2382242
2022,9,DIGITAL,BRAND9,CAMPAIGN47,SOCIAL MEDIA,PHP,IMPRESSIONS,133186.25,5159624
2022,9,DIGITAL,BRAND9,CAMPAIGN56,VIDEO,PHP,IMPRESSIONS,61000.4765,1445197
2022,9,DIGITAL,BRAND9,CAMPAIGN57,SOCIAL MEDIA,PHP,IMPRESSIONS,109846.05,2150561
2022,9,DIGITAL,BRAND9,CAMPAIGN79,GOOGLE SHOPPING,PHP,IMPRESSIONS,2440.5588,96534
2022,9,RADIO,BRAND5,CAMPAIGN6,X,PHP,SPEND,1112480,1112480
2022,9,TV,BRAND2,CAMPAIGN2,COMMERCIALAD,PHP,GRP,704925.3745,1568.16
2022,9,TV,BRAND3,CAMPAIGN81,COMMERCIALAD,PHP,GRP,997930.855,1644.36
2022,9,TV,BRAND5,CAMPAIGN6,COMMERCIALAD,PHP,GRP,1948325.044,2835.6
2022,9,TV,BRAND6,CAMPAIGN33,COMMERCIALAD,PHP,GRP,1384891.426,2390.76
2022,10,DIGITAL,BRAND1,CAMPAIGN10,SEARCH,PHP,IMPRESSIONS,2246.5344,1221
2022,10,DIGITAL,BRAND1,CAMPAIGN79,GOOGLE SHOPPING,PHP,IMPRESSIONS,23118.754,457396
2022,10,DIGITAL,BRAND2,CAMPAIGN10,SEARCH,PHP,IMPRESSIONS,1303.3152,754
2022,10,DIGITAL,BRAND2,CAMPAIGN62,VIDEO,PHP,IMPRESSIONS,344941.1912,4744360
2022,10,DIGITAL,BRAND2,CAMPAIGN63,SOCIAL MEDIA,PHP,IMPRESSIONS,74248.8912,4735467
2022,10,DIGITAL,BRAND2,CAMPAIGN79,GOOGLE SHOPPING,PHP,IMPRESSIONS,4082.3847,93774
2022,10,DIGITAL,BRAND3,CAMPAIGN10,SEARCH,PHP,IMPRESSIONS,242565.312,128846
2022,10,DIGITAL,BRAND3,CAMPAIGN13,VIDEO,PHP,IMPRESSIONS,32745.46259,806120
2022,10,DIGITAL,BRAND3,CAMPAIGN55,SOCIAL MEDIA,PHP,IMPRESSIONS,488522.3057,21482403
2022,10,DIGITAL,BRAND3,CAMPAIGN79,GOOGLE SHOPPING,PHP,IMPRESSIONS,145143.4781,3143374
2022,10,DIGITAL,BRAND3,CAMPAIGN80,SOCIAL MEDIA,PHP,IMPRESSIONS,987.549679,218259
2022,10,DIGITAL,BRAND3,CAMPAIGN89,SOCIAL MEDIA,PHP,IMPRESSIONS,17640.47845,34484
2022,10,DIGITAL,BRAND3,CAMPAIGN91,SOCIAL MEDIA,PHP,IMPRESSIONS,39770.21653,1900000
2022,10,DIGITAL,BRAND4,CAMPAIGN140,SOCIAL MEDIA,PHP,IMPRESSIONS,229488.0292,9843624.667
2022,10,DIGITAL,BRAND4,CAMPAIGN58,SOCIAL MEDIA,PHP,IMPRESSIONS,790920.6624,23710707
2022,10,DIGITAL,BRAND4,CAMPAIGN59,VIDEO,PHP,IMPRESSIONS,389861.4999,7840656
2022,10,DIGITAL,BRAND4,CAMPAIGN60,OTV,PHP,IMPRESSIONS,210000,1495360
2022,10,DIGITAL,BRAND4,CAMPAIGN61,OTV,PHP,IMPRESSIONS,914862.4567,1151995
2022,10,DIGITAL,BRAND4,CAMPAIGN66,SOCIAL MEDIA,PHP,IMPRESSIONS,383936.6784,9908994
2022,10,DIGITAL,BRAND4,CAMPAIGN67,SOCIAL MEDIA,PHP,IMPRESSIONS,35637.3072,509105
2022,10,DIGITAL,BRAND4,CAMPAIGN69,SOCIAL MEDIA,PHP,IMPRESSIONS,398896.7426,5504514
2022,10,DIGITAL,BRAND4,CAMPAIGN85,SOCIAL MEDIA,PHP,IMPRESSIONS,167492.13,2899733
2022,10,DIGITAL,BRAND4,CAMPAIGN86,SOCIAL MEDIA,PHP,IMPRESSIONS,72596.82919,1616552
2022,10,DIGITAL,BRAND4,CAMPAIGN87,SOCIAL MEDIA,PHP,IMPRESSIONS,2010.582011,824
2022,10,DIGITAL,BRAND5,CAMPAIGN6,SOCIAL MEDIA,PHP,IMPRESSIONS,2476362.726,97449800
2022,10,DIGITAL,BRAND5,CAMPAIGN6,VIDEO,PHP,IMPRESSIONS,505152.2051,9719310.014
2022,10,DIGITAL,BRAND5,CAMPAIGN82,SOCIAL MEDIA,PHP,IMPRESSIONS,45000,805909
2022,10,DIGITAL,BRAND5,CAMPAIGN83,SOCIAL MEDIA,PHP,IMPRESSIONS,60000,119955
2022,10,DIGITAL,BRAND5,CAMPAIGN84,SOCIAL MEDIA,PHP,IMPRESSIONS,205000,1672000
2022,10,DIGITAL,BRAND5,CAMPAIGN90,SOCIAL MEDIA,PHP,IMPRESSIONS,8000,1633
2022,10,DIGITAL,BRAND6,CAMPAIGN10,SEARCH,PHP,IMPRESSIONS,37675.3344,51977
2022,10,DIGITAL,BRAND6,CAMPAIGN19,ON PLATFORM AFFILIATES,PHP,SPEND,492608.13,492608.13
2022,10,DIGITAL,BRAND6,CAMPAIGN33,SOCIAL MEDIA,PHP,IMPRESSIONS,226291.296,5143983
2022,10,DIGITAL,BRAND6,CAMPAIGN8,ON PLATFORM SEARCH,PHP,IMPRESSIONS,1224381.15,8076291
2022,10,DIGITAL,BRAND8,CAMPAIGN10,SEARCH,PHP,IMPRESSIONS,28352.3328,31350
2022,10,DIGITAL,BRAND8,CAMPAIGN45,SOCIAL MEDIA,PHP,IMPRESSIONS,418579.0752,13182929
2022,10,DIGITAL,BRAND8,CAMPAIGN51,VIDEO,PHP,IMPRESSIONS,450091.0496,10477680
2022,10,DIGITAL,BRAND8,CAMPAIGN64,VIDEO,PHP,IMPRESSIONS,104425.2216,2376565
2022,10,DIGITAL,BRAND8,CAMPAIGN68,SOCIAL MEDIA,PHP,IMPRESSIONS,527928.3952,2995109
2022,10,DIGITAL,BRAND9,CAMPAIGN10,SEARCH,PHP,IMPRESSIONS,15471.3504,41902
2022,10,DIGITAL,BRAND9,CAMPAIGN42,SOCIAL MEDIA,PHP,IMPRESSIONS,50515.08,1052709
2022,10,DIGITAL,BRAND9,CAMPAIGN47,SOCIAL MEDIA,PHP,IMPRESSIONS,97529.0976,9039141
2022,10,DIGITAL,BRAND9,CAMPAIGN56,VIDEO,PHP,IMPRESSIONS,680388.4278,15014293
2022,10,DIGITAL,BRAND9,CAMPAIGN57,SOCIAL MEDIA,PHP,IMPRESSIONS,50792.1216,863619
2022,10,DIGITAL,BRAND9,CAMPAIGN65,SOCIAL MEDIA,PHP,IMPRESSIONS,229122.1152,6746733
2022,10,DIGITAL,BRAND9,CAMPAIGN79,GOOGLE SHOPPING,PHP,IMPRESSIONS,6806.6951,204359
2022,10,TV,BRAND2,CAMPAIGN88,COMMERCIALAD,PHP,GRP,2483939.25,2493.84
2022,10,TV,BRAND5,CAMPAIGN6,COMMERCIALAD,PHP,GRP,4361215.658,7347.72
2022,11,DIGITAL,BRAND1,CAMPAIGN10,SEARCH,PHP,IMPRESSIONS,928.9315,1126
2022,11,DIGITAL,BRAND1,CAMPAIGN79,GOOGLE SHOPPING,PHP,IMPRESSIONS,24145.8279,434510
2022,11,DIGITAL,BRAND2,CAMPAIGN10,SEARCH,PHP,IMPRESSIONS,1043.0009,759
2022,11,DIGITAL,BRAND2,CAMPAIGN25,DISPLAY,PHP,IMPRESSIONS,95477.65962,3786300
2022,11,DIGITAL,BRAND2,CAMPAIGN62,VIDEO,PHP,IMPRESSIONS,680795.8964,12995498
2022,11,DIGITAL,BRAND2,CAMPAIGN63,SOCIAL MEDIA,PHP,IMPRESSIONS,398263.7102,26120908
2022,11,DIGITAL,BRAND2,CAMPAIGN79,GOOGLE SHOPPING,PHP,IMPRESSIONS,3879.1561,77156
2022,11,DIGITAL,BRAND3,CAMPAIGN10,SEARCH,PHP,IMPRESSIONS,103102.926,114742
2022,11,DIGITAL,BRAND3,CAMPAIGN13,SOCIAL MEDIA,PHP,IMPRESSIONS,201433.5723,6472236
2022,11,DIGITAL,BRAND3,CAMPAIGN55,SOCIAL MEDIA,PHP,IMPRESSIONS,696338.1296,21205463
2022,11,DIGITAL,BRAND3,CAMPAIGN79,GOOGLE SHOPPING,PHP,IMPRESSIONS,115645.2078,2530802
2022,11,DIGITAL,BRAND3,CAMPAIGN80,SOCIAL MEDIA,PHP,IMPRESSIONS,573.7108112,15792
2022,11,DIGITAL,BRAND3,CAMPAIGN89,SOCIAL MEDIA,PHP,IMPRESSIONS,3680.915944,17923
2022,11,DIGITAL,BRAND3,CAMPAIGN91,SOCIAL MEDIA,PHP,IMPRESSIONS,155585.6396,129500
2022,11,DIGITAL,BRAND3,CAMPAIGN92,SOCIAL MEDIA,PHP,IMPRESSIONS,19627.30815,8065
2022,11,DIGITAL,BRAND4,CAMPAIGN140,SOCIAL MEDIA,PHP,IMPRESSIONS,96325.89923,2860346.667
2022,11,DIGITAL,BRAND4,CAMPAIGN58,SOCIAL MEDIA,PHP,IMPRESSIONS,353836.5024,19581578
2022,11,DIGITAL,BRAND4,CAMPAIGN59,VIDEO,PHP,IMPRESSIONS,403680.5426,6890260
2022,11,DIGITAL,BRAND4,CAMPAIGN60,OTV,PHP,IMPRESSIONS,300000,1094813
2022,11,DIGITAL,BRAND4,CAMPAIGN67,SOCIAL MEDIA,PHP,IMPRESSIONS,205469.4832,3513262
2022,11,DIGITAL,BRAND4,CAMPAIGN69,SOCIAL MEDIA,PHP,IMPRESSIONS,119998.8387,4073020
2022,11,DIGITAL,BRAND4,CAMPAIGN70,SOCIAL MEDIA,PHP,IMPRESSIONS,217927.3299,3897863
2022,11,DIGITAL,BRAND4,CAMPAIGN85,SOCIAL MEDIA,PHP,IMPRESSIONS,21868.84559,450454
2022,11,DIGITAL,BRAND4,CAMPAIGN86,SOCIAL MEDIA,PHP,IMPRESSIONS,136422.4418,221522
2022,11,DIGITAL,BRAND5,CAMPAIGN6,VIDEO,PHP,IMPRESSIONS,0,0.014
2022,11,DIGITAL,BRAND6,CAMPAIGN10,SEARCH,PHP,IMPRESSIONS,49581.2247,55253
2022,11,DIGITAL,BRAND6,CAMPAIGN19,ON PLATFORM AFFILIATES,PHP,SPEND,1025973.45,1025973.45
2022,11,DIGITAL,BRAND6,CAMPAIGN33,SOCIAL MEDIA,PHP,IMPRESSIONS,1716252.052,73226031
2022,11,DIGITAL,BRAND6,CAMPAIGN33,VIDEO,PHP,IMPRESSIONS,1110496.985,13296831
2022,11,DIGITAL,BRAND6,CAMPAIGN8,ON PLATFORM SEARCH,PHP,IMPRESSIONS,1796127.56,7890842
2022,11,DIGITAL,BRAND8,CAMPAIGN10,SEARCH,PHP,IMPRESSIONS,37239.1415,31338
2022,11,DIGITAL,BRAND8,CAMPAIGN45,SOCIAL MEDIA,PHP,IMPRESSIONS,134839.066,4796236
2022,11,DIGITAL,BRAND8,CAMPAIGN64,VIDEO,PHP,IMPRESSIONS,158164.6352,3623069
2022,11,DIGITAL,BRAND9,CAMPAIGN10,SEARCH,PHP,IMPRESSIONS,25365.1946,44863
2022,11,DIGITAL,BRAND9,CAMPAIGN47,SOCIAL MEDIA,PHP,IMPRESSIONS,126458.918,12576464
2022,11,DIGITAL,BRAND9,CAMPAIGN56,VIDEO,PHP,IMPRESSIONS,552334.6299,12663278
2022,11,DIGITAL,BRAND9,CAMPAIGN65,SOCIAL MEDIA,PHP,IMPRESSIONS,673388.9384,23111373
2022,11,DIGITAL,BRAND9,CAMPAIGN79,GOOGLE SHOPPING,PHP,IMPRESSIONS,6633.9167,145549
2022,11,TV,BRAND2,CAMPAIGN88,COMMERCIALAD,PHP,GRP,4188257.513,5168.76
2022,11,TV,BRAND5,CAMPAIGN6,COMMERCIALAD,PHP,GRP,1798847.112,3400.56
2022,12,DIGITAL,BRAND1,CAMPAIGN10,SEARCH,PHP,IMPRESSIONS,584.535,738
2022,12,DIGITAL,BRAND1,CAMPAIGN79,GOOGLE SHOPPING,PHP,IMPRESSIONS,9592.5846,243070
2022,12,DIGITAL,BRAND2,CAMPAIGN10,SEARCH,PHP,IMPRESSIONS,979.792,859
2022,12,DIGITAL,BRAND2,CAMPAIGN141,SOCIAL MEDIA,PHP,IMPRESSIONS,34740.97065,46970
2022,12,DIGITAL,BRAND2,CAMPAIGN142,SOCIAL MEDIA,PHP,IMPRESSIONS,19888.88168,181000
2022,12,DIGITAL,BRAND2,CAMPAIGN25,DISPLAY,PHP,IMPRESSIONS,48345.84477,2030343
2022,12,DIGITAL,BRAND2,CAMPAIGN62,VIDEO,PHP,IMPRESSIONS,72416.10601,1680236
2022,12,DIGITAL,BRAND2,CAMPAIGN63,SOCIAL MEDIA,PHP,IMPRESSIONS,387188.7469,26750723
2022,12,DIGITAL,BRAND2,CAMPAIGN71,SOCIAL MEDIA,PHP,IMPRESSIONS,92001.3554,7723699
2022,12,DIGITAL,BRAND2,CAMPAIGN72,SOCIAL MEDIA,PHP,IMPRESSIONS,191833.253,10707218
2022,12,DIGITAL,BRAND2,CAMPAIGN73,OOH,PHP,IMPRESSIONS,288009.8133,482
2022,12,DIGITAL,BRAND2,CAMPAIGN76,SOCIAL MEDIA,PHP,IMPRESSIONS,615012.6099,15611352
2022,12,DIGITAL,BRAND2,CAMPAIGN77,OTV,PHP,IMPRESSIONS,23924.83632,33741
2022,12,DIGITAL,BRAND2,CAMPAIGN79,GOOGLE SHOPPING,PHP,IMPRESSIONS,1485.1886,50323
2022,12,DIGITAL,BRAND2,CAMPAIGN93,SOCIAL MEDIA,PHP,IMPRESSIONS,14126.83634,33203
2022,12,DIGITAL,BRAND2,CAMPAIGN94,SOCIAL MEDIA,PHP,IMPRESSIONS,156243.3113,472361
2022,12,DIGITAL,BRAND3,CAMPAIGN10,SEARCH,PHP,IMPRESSIONS,71272.0742,81848
2022,12,DIGITAL,BRAND3,CAMPAIGN13,SOCIAL MEDIA,PHP,IMPRESSIONS,307422.5441,8370711
2022,12,DIGITAL,BRAND3,CAMPAIGN55,SOCIAL MEDIA,PHP,IMPRESSIONS,704525.0046,17392968
2022,12,DIGITAL,BRAND3,CAMPAIGN79,GOOGLE SHOPPING,PHP,IMPRESSIONS,44625.7329,1290557
2022,12,DIGITAL,BRAND3,CAMPAIGN80,SOCIAL MEDIA,PHP,IMPRESSIONS,1679.207734,31402
2022,12,DIGITAL,BRAND3,CAMPAIGN91,SOCIAL MEDIA,PHP,IMPRESSIONS,149234.8361,252200
2022,12,DIGITAL,BRAND3,CAMPAIGN92,SOCIAL MEDIA,PHP,IMPRESSIONS,28766.73492,53100
2022,12,DIGITAL,BRAND4,CAMPAIGN58,SOCIAL MEDIA,PHP,IMPRESSIONS,470291.2528,24741714
2022,12,DIGITAL,BRAND4,CAMPAIGN59,VIDEO,PHP,IMPRESSIONS,533792.388,7422202
2022,12,DIGITAL,BRAND4,CAMPAIGN67,SOCIAL MEDIA,PHP,IMPRESSIONS,530149.3069,14832247
2022,12,DIGITAL,BRAND4,CAMPAIGN69,SOCIAL MEDIA,PHP,IMPRESSIONS,77330.43934,2411319
2022,12,DIGITAL,BRAND4,CAMPAIGN70,SOCIAL MEDIA,PHP,IMPRESSIONS,180657.5005,2418710
2022,12,DIGITAL,BRAND4,CAMPAIGN86,SOCIAL MEDIA,PHP,IMPRESSIONS,36681.35593,93173
2022,12,DIGITAL,BRAND4,CAMPAIGN87,SOCIAL MEDIA,PHP,IMPRESSIONS,17318.64407,19589
2022,12,DIGITAL,BRAND6,CAMPAIGN10,SEARCH,PHP,IMPRESSIONS,20981.4663,41264
2022,12,DIGITAL,BRAND6,CAMPAIGN19,ON PLATFORM AFFILIATES,PHP,SPEND,894458.48,894458.48
2022,12,DIGITAL,BRAND6,CAMPAIGN33,SOCIAL MEDIA,PHP,IMPRESSIONS,2086844.507,88844629
2022,12,DIGITAL,BRAND6,CAMPAIGN33,VIDEO,PHP,IMPRESSIONS,1886882.23,21187275
2022,12,DIGITAL,BRAND6,CAMPAIGN8,ON PLATFORM SEARCH,PHP,IMPRESSIONS,1613856.38,9352459
2022,12,DIGITAL,BRAND8,CAMPAIGN10,SEARCH,PHP,IMPRESSIONS,29269.6159,27307
2022,12,DIGITAL,BRAND8,CAMPAIGN45,SOCIAL MEDIA,PHP,IMPRESSIONS,412580.3906,13555681
2022,12,DIGITAL,BRAND8,CAMPAIGN64,VIDEO,PHP,IMPRESSIONS,162381.6599,3502142
2022,12,DIGITAL,BRAND9,CAMPAIGN10,SEARCH,PHP,IMPRESSIONS,19603.6338,40129
2022,12,DIGITAL,BRAND9,CAMPAIGN53,SOCIAL MEDIA,PHP,IMPRESSIONS,131255.3858,2842754
2022,12,DIGITAL,BRAND9,CAMPAIGN54,SOCIAL MEDIA,PHP,IMPRESSIONS,92766.2612,1933258
2022,12,DIGITAL,BRAND9,CAMPAIGN56,VIDEO,PHP,IMPRESSIONS,50069.01001,1045081.014
2022,12,DIGITAL,BRAND9,CAMPAIGN74,SOCIAL MEDIA,PHP,IMPRESSIONS,172106.5885,1602158
2022,12,DIGITAL,BRAND9,CAMPAIGN75,SOCIAL MEDIA,PHP,IMPRESSIONS,1062820.465,26952186
2022,12,DIGITAL,BRAND9,CAMPAIGN78,OTV,PHP,IMPRESSIONS,40049.21901,89068
2022,12,DIGITAL,BRAND9,CAMPAIGN79,GOOGLE SHOPPING,PHP,IMPRESSIONS,3111.792,79024
2022,12,TV,BRAND2,CAMPAIGN88,COMMERCIALAD,PHP,GRP,1748440.225,4301.64
2022,12,TV,BRAND5,CAMPAIGN6,COMMERCIALAD,PHP,GRP,1798007.219,2748.84
2022,12,TV,BRAND9,CAMPAIGN16,COMMERCIALAD,PHP,GRP,2845042.658,3699.36
2023,1,DIGITAL,BRAND1,CAMPAIGN10,SEARCH,PHP,IMPRESSIONS,17719.9907,33541
2023,1,DIGITAL,BRAND1,CAMPAIGN79,GOOGLE SHOPPING,PHP,IMPRESSIONS,16971.0022,487608
2023,1,DIGITAL,BRAND2,CAMPAIGN10,SEARCH,PHP,IMPRESSIONS,198.5973,391
2023,1,DIGITAL,BRAND2,CAMPAIGN63,OTV,PHP,IMPRESSIONS,584115,1242689
2023,1,DIGITAL,BRAND2,CAMPAIGN63,SOCIAL MEDIA,PHP,IMPRESSIONS,354222.0834,19100323
2023,1,DIGITAL,BRAND2,CAMPAIGN79,GOOGLE SHOPPING,PHP,IMPRESSIONS,3514.5234,111587
2023,1,DIGITAL,BRAND2,CAMPAIGN96,DISPLAY,PHP,IMPRESSIONS,238787.7349,4727920
2023,1,DIGITAL,BRAND2,CAMPAIGN96,OOH,PHP,IMPRESSIONS,980238.787,13881
2023,1,DIGITAL,BRAND2,CAMPAIGN96,SOCIAL MEDIA,PHP,IMPRESSIONS,626286.5836,35922477
2023,1,DIGITAL,BRAND2,CAMPAIGN96,VIDEO,PHP,IMPRESSIONS,2579101.076,53880852
2023,1,DIGITAL,BRAND3,CAMPAIGN10,SEARCH,PHP,IMPRESSIONS,233579.1725,243721
2023,1,DIGITAL,BRAND3,CAMPAIGN13,DISPLAY,PHP,IMPRESSIONS,55353.41409,1669801
2023,1,DIGITAL,BRAND3,CAMPAIGN13,SOCIAL MEDIA,PHP,IMPRESSIONS,41987.34919,3109864
2023,1,DIGITAL,BRAND3,CAMPAIGN79,GOOGLE SHOPPING,PHP,IMPRESSIONS,95979.7081,2247709
2023,1,DIGITAL,BRAND3,CAMPAIGN89,SOCIAL MEDIA,PHP,IMPRESSIONS,532.4254939,447
2023,1,DIGITAL,BRAND4,CAMPAIGN10,SEARCH,PHP,IMPRESSIONS,13589.1663,13488
2023,1,DIGITAL,BRAND4,CAMPAIGN59,BLIS,PHP,IMPRESSIONS,206000.6572,828369
2023,1,DIGITAL,BRAND4,CAMPAIGN59,SOCIAL MEDIA,PHP,IMPRESSIONS,159057.2888,4485271
2023,1,DIGITAL,BRAND4,CAMPAIGN98,SOCIAL MEDIA,PHP,IMPRESSIONS,726041.8103,34188640
2023,1,DIGITAL,BRAND4,CAMPAIGN99,VIDEO,PHP,IMPRESSIONS,689737.5363,14019202
2023,1,DIGITAL,BRAND6,CAMPAIGN10,SEARCH,PHP,IMPRESSIONS,51398.0253,76469
2023,1,DIGITAL,BRAND6,CAMPAIGN100,VIDEO,PHP,IMPRESSIONS,145701.3978,2370785
2023,1,DIGITAL,BRAND6,CAMPAIGN19,ON PLATFORM AFFILIATES,PHP,SPEND,559483.52,559483.52
2023,1,DIGITAL,BRAND6,CAMPAIGN33,SOCIAL MEDIA,PHP,IMPRESSIONS,607485.1534,18276444
2023,1,DIGITAL,BRAND6,CAMPAIGN33,VIDEO,PHP,IMPRESSIONS,1172498.848,21149612
2023,1,DIGITAL,BRAND6,CAMPAIGN8,ON PLATFORM SEARCH,PHP,IMPRESSIONS,1120549,9623622
2023,1,DIGITAL,BRAND9,CAMPAIGN79,GOOGLE SHOPPING,PHP,IMPRESSIONS,2818.8787,86814
2023,1,DIGITAL,BRAND9,CAMPAIGN95,OTV,PHP,IMPRESSIONS,450000,2170504
2023,1,DIGITAL,BRAND9,CAMPAIGN97,SOCIAL MEDIA,PHP,IMPRESSIONS,1224333.895,92292960
2023,1,DIGITAL,BRAND9,CAMPAIGN97,VIDEO,PHP,IMPRESSIONS,1101821.451,25888249
2023,1,TV,BRAND2,CAMPAIGN88,COMMERCIALAD,PHP,GRP,1553142.381,3462
2023,1,TV,BRAND9,CAMPAIGN95,COMMERCIALAD,PHP,GRP,2961453.176,4258.8
2023,2,DIGITAL,BRAND1,CAMPAIGN10,SEARCH,PHP,IMPRESSIONS,12217.39132,24316
2023,2,DIGITAL,BRAND1,CAMPAIGN101,SOCIAL MEDIA,PHP,IMPRESSIONS,130824.5335,14115955
2023,2,DIGITAL,BRAND1,CAMPAIGN104,SOCIAL MEDIA,PHP,IMPRESSIONS,158463.0336,8199208
2023,2,DIGITAL,BRAND1,CAMPAIGN79,GOOGLE SHOPPING,PHP,IMPRESSIONS,14414.9658,270582
2023,2,DIGITAL,BRAND2,CAMPAIGN10,SEARCH,PHP,IMPRESSIONS,20.4684,3
2023,2,DIGITAL,BRAND2,CAMPAIGN103,SOCIAL MEDIA,PHP,IMPRESSIONS,37256.24281,107778
2023,2,DIGITAL,BRAND2,CAMPAIGN105,SOCIAL MEDIA,PHP,IMPRESSIONS,5689.568696,7892
2023,2,DIGITAL,BRAND2,CAMPAIGN106,SOCIAL MEDIA,PHP,IMPRESSIONS,127858.921,4106197
2023,2,DIGITAL,BRAND2,CAMPAIGN143,SOCIAL MEDIA,PHP,IMPRESSIONS,32631.49716,340000
2023,2,DIGITAL,BRAND2,CAMPAIGN63,OTV,PHP,IMPRESSIONS,565050,824735
2023,2,DIGITAL,BRAND2,CAMPAIGN63,SOCIAL MEDIA,PHP,IMPRESSIONS,44425.8324,1780069
2023,2,DIGITAL,BRAND2,CAMPAIGN79,GOOGLE SHOPPING,PHP,IMPRESSIONS,3613.4894,87503
2023,2,DIGITAL,BRAND2,CAMPAIGN96,DISPLAY,PHP,IMPRESSIONS,173809.8152,1027952
2023,2,DIGITAL,BRAND2,CAMPAIGN96,OOH,PHP,IMPRESSIONS,494154.6088,24190
2023,2,DIGITAL,BRAND2,CAMPAIGN96,SOCIAL MEDIA,PHP,IMPRESSIONS,1478052.816,97733433
2023,2,DIGITAL,BRAND2,CAMPAIGN96,VIDEO,PHP,IMPRESSIONS,765011.1405,7693670
2023,2,DIGITAL,BRAND3,CAMPAIGN10,SEARCH,PHP,IMPRESSIONS,141672.3932,168693
2023,2,DIGITAL,BRAND3,CAMPAIGN102,VIDEO,PHP,IMPRESSIONS,110020.9494,2505161
2023,2,DIGITAL,BRAND3,CAMPAIGN13,DISPLAY,PHP,IMPRESSIONS,206470.0757,5757398
2023,2,DIGITAL,BRAND3,CAMPAIGN13,SOCIAL MEDIA,PHP,IMPRESSIONS,561031.3568,34929933
2023,2,DIGITAL,BRAND3,CAMPAIGN79,GOOGLE SHOPPING,PHP,IMPRESSIONS,38532.5804,1145400
2023,2,DIGITAL,BRAND4,CAMPAIGN10,SEARCH,PHP,IMPRESSIONS,4318.23826,2993
2023,2,DIGITAL,BRAND4,CAMPAIGN59,BLIS,PHP,IMPRESSIONS,302374.6944,1214399
2023,2,DIGITAL,BRAND4,CAMPAIGN59,SOCIAL MEDIA,PHP,IMPRESSIONS,1364554.161,47188860
2023,2,DIGITAL,BRAND4,CAMPAIGN98,SOCIAL MEDIA,PHP,IMPRESSIONS,74303.08092,2821537
2023,2,DIGITAL,BRAND4,CAMPAIGN99,VIDEO,PHP,IMPRESSIONS,521354.9818,10770624
2023,2,DIGITAL,BRAND6,CAMPAIGN10,SEARCH,PHP,IMPRESSIONS,25863.45132,48121
2023,2,DIGITAL,BRAND6,CAMPAIGN100,SOCIAL MEDIA,PHP,IMPRESSIONS,501393.2931,54234558
2023,2,DIGITAL,BRAND6,CAMPAIGN100,VIDEO,PHP,IMPRESSIONS,200515.2937,4143910
2023,2,DIGITAL,BRAND6,CAMPAIGN19,ON PLATFORM AFFILIATES,PHP,SPEND,613653.45,613653.45
2023,2,DIGITAL,BRAND6,CAMPAIGN8,ON PLATFORM SEARCH,PHP,IMPRESSIONS,938098,8172745
2023,2,DIGITAL,BRAND9,CAMPAIGN79,GOOGLE SHOPPING,PHP,IMPRESSIONS,1092.7263,32968
2023,2,DIGITAL,BRAND9,CAMPAIGN95,OTV,PHP,IMPRESSIONS,400000,1039197
2023,2,DIGITAL,BRAND9,CAMPAIGN95,SOCIAL MEDIA,PHP,IMPRESSIONS,141781.2876,4322506
2023,2,DIGITAL,BRAND9,CAMPAIGN97,DISPLAY,PHP,IMPRESSIONS,433360.6563,15562809
2023,2,DIGITAL,BRAND9,CAMPAIGN97,SOCIAL MEDIA,PHP,IMPRESSIONS,945956.5546,37698070
2023,2,DIGITAL,BRAND9,CAMPAIGN97,VIDEO,PHP,IMPRESSIONS,434471.5253,7823701
2023,2,TV,BRAND2,CAMPAIGN88,COMMERCIALAD,PHP,GRP,1514854.377,1833.96
2023,2,TV,BRAND9,CAMPAIGN95,COMMERCIALAD,PHP,GRP,1421339.06,2326.8
2023,3,DIGITAL,BRAND1,CAMPAIGN10,SEARCH,PHP,IMPRESSIONS,10882.75648,22515
2023,3,DIGITAL,BRAND1,CAMPAIGN79,GOOGLE SHOPPING,PHP,IMPRESSIONS,14925.0708,367603
2023,3,DIGITAL,BRAND2,CAMPAIGN10,SEARCH,PHP,IMPRESSIONS,25.50502,2
2023,3,DIGITAL,BRAND2,CAMPAIGN103,SOCIAL MEDIA,PHP,IMPRESSIONS,56194.15394,10409658
2023,3,DIGITAL,BRAND2,CAMPAIGN105,SOCIAL MEDIA,PHP,IMPRESSIONS,12947.81988,17818
2023,3,DIGITAL,BRAND2,CAMPAIGN106,SOCIAL MEDIA,PHP,IMPRESSIONS,142421.7965,175302
2023,3,DIGITAL,BRAND2,CAMPAIGN63,OTV,PHP,IMPRESSIONS,600000,869410
2023,3,DIGITAL,BRAND2,CAMPAIGN63,SOCIAL MEDIA,PHP,IMPRESSIONS,945969.7959,37287357
2023,3,DIGITAL,BRAND2,CAMPAIGN79,GOOGLE SHOPPING,PHP,IMPRESSIONS,3044.08115,94197
2023,3,DIGITAL,BRAND2,CAMPAIGN96,DISPLAY,PHP,IMPRESSIONS,155311.7811,786980
2023,3,DIGITAL,BRAND2,CAMPAIGN96,SOCIAL MEDIA,PHP,IMPRESSIONS,1644322.693,115520565
2023,3,DIGITAL,BRAND2,CAMPAIGN96,VIDEO,PHP,IMPRESSIONS,561418.4318,6176317
2023,3,DIGITAL,BRAND3,CAMPAIGN10,SEARCH,PHP,IMPRESSIONS,127820.5023,149710
2023,3,DIGITAL,BRAND3,CAMPAIGN102,VIDEO,PHP,IMPRESSIONS,57091.63075,1409659
2023,3,DIGITAL,BRAND3,CAMPAIGN13,DISPLAY,PHP,IMPRESSIONS,83847.01242,3591834
2023,3,DIGITAL,BRAND3,CAMPAIGN13,SOCIAL MEDIA,PHP,IMPRESSIONS,560951.5473,30884680
2023,3,DIGITAL,BRAND3,CAMPAIGN79,GOOGLE SHOPPING,PHP,IMPRESSIONS,47029.81815,1731290
2023,3,DIGITAL,BRAND4,CAMPAIGN10,SEARCH,PHP,IMPRESSIONS,4579.39508,3138
2023,3,DIGITAL,BRAND4,CAMPAIGN59,SOCIAL MEDIA,PHP,IMPRESSIONS,911845.1731,29897632
2023,3,DIGITAL,BRAND4,CAMPAIGN85,SOCIAL MEDIA,PHP,IMPRESSIONS,138053,326721
2023,3,DIGITAL,BRAND4,CAMPAIGN86,SOCIAL MEDIA,PHP,IMPRESSIONS,36678,39438
2023,3,DIGITAL,BRAND4,CAMPAIGN87,SOCIAL MEDIA,PHP,IMPRESSIONS,579,129
2023,3,DIGITAL,BRAND4,CAMPAIGN98,SOCIAL MEDIA,PHP,IMPRESSIONS,653163.3716,28449281
2023,3,DIGITAL,BRAND4,CAMPAIGN98,VIDEO,PHP,IMPRESSIONS,440811.9416,7863258
2023,3,DIGITAL,BRAND5,CAMPAIGN108,SOCIAL MEDIA,PHP,IMPRESSIONS,325000,13119112
2023,3,DIGITAL,BRAND5,CAMPAIGN109,SOCIAL MEDIA,PHP,IMPRESSIONS,355000,4431800
2023,3,DIGITAL,BRAND6,CAMPAIGN10,SEARCH,PHP,IMPRESSIONS,34630.95558,49014
2023,3,DIGITAL,BRAND6,CAMPAIGN100,SOCIAL MEDIA,PHP,IMPRESSIONS,499315.7355,46328560
2023,3,DIGITAL,BRAND6,CAMPAIGN100,VIDEO,PHP,IMPRESSIONS,142817.8851,3232032
2023,3,DIGITAL,BRAND6,CAMPAIGN107,SOCIAL MEDIA,PHP,IMPRESSIONS,1150971.007,31713328
2023,3,DIGITAL,BRAND6,CAMPAIGN19,ON PLATFORM AFFILIATES,PHP,SPEND,1483933.35,1483933.35
2023,3,DIGITAL,BRAND6,CAMPAIGN8,ON PLATFORM SEARCH,PHP,IMPRESSIONS,1657173,13496008
2023,3,DIGITAL,BRAND8,CAMPAIGN110,SOCIAL MEDIA,PHP,IMPRESSIONS,137932.3082,3197251
2023,3,DIGITAL,BRAND8,CAMPAIGN110,VIDEO,PHP,IMPRESSIONS,78684.30784,1747520
2023,3,DIGITAL,BRAND9,CAMPAIGN79,GOOGLE SHOPPING,PHP,IMPRESSIONS,1414.84195,47780
2023,3,DIGITAL,BRAND9,CAMPAIGN95,OTV,PHP,IMPRESSIONS,350001,909224
2023,3,DIGITAL,BRAND9,CAMPAIGN95,SOCIAL MEDIA,PHP,IMPRESSIONS,341724.3979,11994341
2023,3,DIGITAL,BRAND9,CAMPAIGN97,DISPLAY,PHP,IMPRESSIONS,133597.6036,7682557
2023,3,DIGITAL,BRAND9,CAMPAIGN97,SOCIAL MEDIA,PHP,IMPRESSIONS,438445.5481,24847915
2023,3,DIGITAL,BRAND9,CAMPAIGN97,VIDEO,PHP,IMPRESSIONS,384093.5917,8178210
2023,3,TV,BRAND2,CAMPAIGN88,COMMERCIALAD,PHP,GRP,4427372.041,5740.92
2023,4,DIGITAL,BRAND1,CAMPAIGN10,SEARCH,PHP,IMPRESSIONS,12998.2851,12332
2023,4,DIGITAL,BRAND1,CAMPAIGN79,GOOGLE SHOPPING,PHP,IMPRESSIONS,7714.03367,149603
2023,4,DIGITAL,BRAND2,CAMPAIGN10,SEARCH,PHP,IMPRESSIONS,33.8367,8
2023,4,DIGITAL,BRAND2,CAMPAIGN111,SOCIAL MEDIA,PHP,IMPRESSIONS,22987.03378,2212828
2023,4,DIGITAL,BRAND2,CAMPAIGN112,SOCIAL MEDIA,PHP,IMPRESSIONS,25767.06849,39994
2023,4,DIGITAL,BRAND2,CAMPAIGN113,SOCIAL MEDIA,PHP,IMPRESSIONS,990.5751823,1973
2023,4,DIGITAL,BRAND2,CAMPAIGN144,SOCIAL MEDIA,PHP,IMPRESSIONS,115255.3226,11000000
2023,4,DIGITAL,BRAND2,CAMPAIGN63,SOCIAL MEDIA,PHP,IMPRESSIONS,193621.9179,5984343
2023,4,DIGITAL,BRAND2,CAMPAIGN79,GOOGLE SHOPPING,PHP,IMPRESSIONS,2129.89671,48078
2023,4,DIGITAL,BRAND2,CAMPAIGN96,DISPLAY,PHP,IMPRESSIONS,343130.314,2390570
2023,4,DIGITAL,BRAND2,CAMPAIGN96,SOCIAL MEDIA,PHP,IMPRESSIONS,1214452.096,127075933
2023,4,DIGITAL,BRAND2,CAMPAIGN96,VIDEO,PHP,IMPRESSIONS,578853.0548,7097005
2023,4,DIGITAL,BRAND3,CAMPAIGN10,SEARCH,PHP,IMPRESSIONS,115756.4601,63912
2023,4,DIGITAL,BRAND3,CAMPAIGN102,VIDEO,PHP,IMPRESSIONS,19077.27903,507357
2023,4,DIGITAL,BRAND3,CAMPAIGN114,SOCIAL MEDIA,PHP,IMPRESSIONS,116666.6667,76227
2023,4,DIGITAL,BRAND3,CAMPAIGN13,DISPLAY,PHP,IMPRESSIONS,7244.712524,968991
2023,4,DIGITAL,BRAND3,CAMPAIGN13,SOCIAL MEDIA,PHP,IMPRESSIONS,283854.4034,13524253
2023,4,DIGITAL,BRAND3,CAMPAIGN13,VIDEO,PHP,IMPRESSIONS,45592.37085,982342
2023,4,DIGITAL,BRAND3,CAMPAIGN79,GOOGLE SHOPPING,PHP,IMPRESSIONS,24324.27276,491978
2023,4,DIGITAL,BRAND4,CAMPAIGN10,SEARCH,PHP,IMPRESSIONS,5206.4142,3047
2023,4,DIGITAL,BRAND4,CAMPAIGN140,SOCIAL MEDIA,PHP,IMPRESSIONS,41955,677099
2023,4,DIGITAL,BRAND4,CAMPAIGN59,SOCIAL MEDIA,PHP,IMPRESSIONS,1071656.172,35980903
2023,4,DIGITAL,BRAND4,CAMPAIGN85,SOCIAL MEDIA,PHP,IMPRESSIONS,18815,1298167
2023,4,DIGITAL,BRAND4,CAMPAIGN86,SOCIAL MEDIA,PHP,IMPRESSIONS,16002,83400
2023,4,DIGITAL,BRAND4,CAMPAIGN98,VIDEO,PHP,IMPRESSIONS,537399.5855,10238489
2023,4,DIGITAL,BRAND6,CAMPAIGN10,SEARCH,PHP,IMPRESSIONS,24737.9559,21176
2023,4,DIGITAL,BRAND6,CAMPAIGN19,ON PLATFORM AFFILIATES,PHP,SPEND,906018.6234,906018.6234
2023,4,DIGITAL,BRAND6,CAMPAIGN8,ON PLATFORM SEARCH,PHP,IMPRESSIONS,1005364,8700922
2023,4,DIGITAL,BRAND8,CAMPAIGN110,SOCIAL MEDIA,PHP,IMPRESSIONS,723258.8878,27940560
2023,4,DIGITAL,BRAND8,CAMPAIGN110,VIDEO,PHP,IMPRESSIONS,632337.3863,14409402
2023,4,DIGITAL,BRAND9,CAMPAIGN79,GOOGLE SHOPPING,PHP,IMPRESSIONS,327.30357,9875
2023,4,DIGITAL,BRAND9,CAMPAIGN95,SOCIAL MEDIA,PHP,IMPRESSIONS,207998.0778,8105798
2023,4,DIGITAL,BRAND9,CAMPAIGN97,SOCIAL MEDIA,PHP,IMPRESSIONS,525217.8386,34356725
2023,4,TV,BRAND2,CAMPAIGN88,COMMERCIALAD,PHP,GRP,3611678.059,4125.6
2023,5,DIGITAL,BRAND1,CAMPAIGN10,SEARCH,PHP,IMPRESSIONS,19600.70046,16970
2023,5,DIGITAL,BRAND1,CAMPAIGN79,GOOGLE SHOPPING,PHP,IMPRESSIONS,6174.89511,109102
2023,5,DIGITAL,BRAND2,CAMPAIGN10,SEARCH,PHP,IMPRESSIONS,825.00792,281
2023,5,DIGITAL,BRAND2,CAMPAIGN112,SOCIAL MEDIA,PHP,IMPRESSIONS,57584.85051,87341
2023,5,DIGITAL,BRAND2,CAMPAIGN113,SOCIAL MEDIA,PHP,IMPRESSIONS,2413.084224,5154
2023,5,DIGITAL,BRAND2,CAMPAIGN144,SOCIAL MEDIA,PHP,IMPRESSIONS,95002.06526,2800000
2023,5,DIGITAL,BRAND2,CAMPAIGN63,SOCIAL MEDIA,PHP,IMPRESSIONS,255506.1926,9534952
2023,5,DIGITAL,BRAND2,CAMPAIGN79,GOOGLE SHOPPING,PHP,IMPRESSIONS,4457.23075,51251
2023,5,DIGITAL,BRAND2,CAMPAIGN96,DISPLAY,PHP,IMPRESSIONS,160326.8916,1036134
2023,5,DIGITAL,BRAND2,CAMPAIGN96,SOCIAL MEDIA,PHP,IMPRESSIONS,1345340.707,158625581
2023,5,DIGITAL,BRAND2,CAMPAIGN96,VIDEO,PHP,IMPRESSIONS,582509.9471,7993597
2023,5,DIGITAL,BRAND3,CAMPAIGN10,SEARCH,PHP,IMPRESSIONS,102519.6317,65051
2023,5,DIGITAL,BRAND3,CAMPAIGN114,SOCIAL MEDIA,PHP,IMPRESSIONS,116666.6667,71840
2023,5,DIGITAL,BRAND3,CAMPAIGN115,SOCIAL MEDIA,PHP,IMPRESSIONS,293333.3333,49547
2023,5,DIGITAL,BRAND3,CAMPAIGN13,SOCIAL MEDIA,PHP,IMPRESSIONS,35256.76462,1493021
2023,5,DIGITAL,BRAND3,CAMPAIGN13,VIDEO,PHP,IMPRESSIONS,47505.86909,1002681
2023,5,DIGITAL,BRAND3,CAMPAIGN79,GOOGLE SHOPPING,PHP,IMPRESSIONS,23484.05109,411974
2023,5,DIGITAL,BRAND4,CAMPAIGN10,SEARCH,PHP,IMPRESSIONS,19500.39212,12885
2023,5,DIGITAL,BRAND4,CAMPAIGN116,SOCIAL MEDIA,PHP,IMPRESSIONS,411351.7431,29802003
2023,5,DIGITAL,BRAND4,CAMPAIGN59,SOCIAL MEDIA,PHP,IMPRESSIONS,818606.9343,33106085
2023,5,DIGITAL,BRAND4,CAMPAIGN85,SOCIAL MEDIA,PHP,IMPRESSIONS,209796,242129
2023,5,DIGITAL,BRAND4,CAMPAIGN86,SOCIAL MEDIA,PHP,IMPRESSIONS,159680,402193.6667
2023,5,DIGITAL,BRAND4,CAMPAIGN98,VIDEO,PHP,IMPRESSIONS,551942.1553,10373604
2023,5,DIGITAL,BRAND6,CAMPAIGN10,SEARCH,PHP,IMPRESSIONS,21278.32927,19051
2023,5,DIGITAL,BRAND6,CAMPAIGN19,ON PLATFORM AFFILIATES,PHP,SPEND,692654.1668,692654.1668
2023,5,DIGITAL,BRAND6,CAMPAIGN8,ON PLATFORM SEARCH,PHP,IMPRESSIONS,990834,8562240
2023,5,DIGITAL,BRAND8,CAMPAIGN110,SOCIAL MEDIA,PHP,IMPRESSIONS,665823.3079,30713293
2023,5,DIGITAL,BRAND8,CAMPAIGN110,VIDEO,PHP,IMPRESSIONS,226871.3046,4857704
2023,5,DIGITAL,BRAND9,CAMPAIGN79,GOOGLE SHOPPING,PHP,IMPRESSIONS,296.0281,4247
2023,5,DIGITAL,BRAND9,CAMPAIGN95,SOCIAL MEDIA,PHP,IMPRESSIONS,203765.1221,7887322
2023,5,DIGITAL,BRAND9,CAMPAIGN97,SOCIAL MEDIA,PHP,IMPRESSIONS,1157545.564,75572131
2023,5,TV,BRAND2,CAMPAIGN88,COMMERCIALAD,PHP,GRP,6522267.863,10273.32
2023,5,TV,BRAND4,CAMPAIGN116,COMMERCIALAD,PHP,GRP,674444.6805,803.04
2023,6,DIGITAL,BRAND1,CAMPAIGN10,SEARCH,PHP,IMPRESSIONS,31811.45,19417
2023,6,DIGITAL,BRAND1,CAMPAIGN79,GOOGLE SHOPPING,PHP,IMPRESSIONS,26979.8958,411251
2023,6,DIGITAL,BRAND2,CAMPAIGN10,SEARCH,PHP,IMPRESSIONS,289.3,64
2023,6,DIGITAL,BRAND2,CAMPAIGN111,SOCIAL MEDIA,PHP,IMPRESSIONS,32895.04717,46000
2023,6,DIGITAL,BRAND2,CAMPAIGN112,SOCIAL MEDIA,PHP,IMPRESSIONS,2104.95283,162
2023,6,DIGITAL,BRAND2,CAMPAIGN119,SOCIAL MEDIA,PHP,IMPRESSIONS,1695480.055,168942896
2023,6,DIGITAL,BRAND2,CAMPAIGN119,VIDEO,PHP,IMPRESSIONS,1443622.603,26422471
2023,6,DIGITAL,BRAND2,CAMPAIGN123,SOCIAL MEDIA,PHP,IMPRESSIONS,164817.3934,8326006
2023,6,DIGITAL,BRAND2,CAMPAIGN25,SOCIAL MEDIA,PHP,IMPRESSIONS,7435.296967,533365
2023,6,DIGITAL,BRAND2,CAMPAIGN44,SOCIAL MEDIA,PHP,IMPRESSIONS,1204983.36,78651802
2023,6,DIGITAL,BRAND2,CAMPAIGN53,SOCIAL MEDIA,PHP,IMPRESSIONS,31103.70094,1570471
2023,6,DIGITAL,BRAND2,CAMPAIGN79,GOOGLE SHOPPING,PHP,IMPRESSIONS,12903.5961,108525
2023,6,DIGITAL,BRAND3,CAMPAIGN10,SEARCH,PHP,IMPRESSIONS,202549.05,96782
2023,6,DIGITAL,BRAND3,CAMPAIGN79,GOOGLE SHOPPING,PHP,IMPRESSIONS,106689.6004,1284752
2023,6,DIGITAL,BRAND4,CAMPAIGN10,SEARCH,PHP,IMPRESSIONS,52252.75,15975
2023,6,DIGITAL,BRAND4,CAMPAIGN116,SOCIAL MEDIA,PHP,IMPRESSIONS,1122134.287,70393535
2023,6,DIGITAL,BRAND4,CAMPAIGN85,SOCIAL MEDIA,PHP,IMPRESSIONS,24687,735
2023,6,DIGITAL,BRAND4,CAMPAIGN86,SOCIAL MEDIA,PHP,IMPRESSIONS,66063,20868
2023,6,DIGITAL,BRAND4,CAMPAIGN87,SOCIAL MEDIA,PHP,IMPRESSIONS,122,542
2023,6,DIGITAL,BRAND4,CAMPAIGN99,VIDEO,PHP,IMPRESSIONS,204765.1273,3079088
2023,6,DIGITAL,BRAND5,CAMPAIGN124,SOCIAL MEDIA,PHP,IMPRESSIONS,191329.5703,13656079
2023,6,DIGITAL,BRAND6,CAMPAIGN10,SEARCH,PHP,IMPRESSIONS,93710.65,34943
2023,6,DIGITAL,BRAND8,CAMPAIGN120,SOCIAL MEDIA,PHP,IMPRESSIONS,714940.2755,19616228
2023,6,DIGITAL,BRAND8,CAMPAIGN120,VIDEO,PHP,IMPRESSIONS,491158.4851,11910543
2023,6,DIGITAL,BRAND9,CAMPAIGN117,SOCIAL MEDIA,PHP,IMPRESSIONS,126738.0464,5378302
2023,6,DIGITAL,BRAND9,CAMPAIGN118,SOCIAL MEDIA,PHP,IMPRESSIONS,194156.1401,7939050
2023,6,DIGITAL,BRAND9,CAMPAIGN121,SOCIAL MEDIA,PHP,IMPRESSIONS,10773.71059,476637
2023,6,DIGITAL,BRAND9,CAMPAIGN122,SOCIAL MEDIA,PHP,IMPRESSIONS,537348.3084,19844063
2023,6,TV,BRAND2,CAMPAIGN119,COMMERCIALAD,PHP,GRP,10460844.2,14432.76
2023,6,TV,BRAND4,CAMPAIGN116,COMMERCIALAD,PHP,GRP,7711746.915,6514.44
2023,7,DIGITAL,BRAND1,CAMPAIGN10,SEARCH,PHP,IMPRESSIONS,13828.1,12006
2023,7,DIGITAL,BRAND1,CAMPAIGN79,GOOGLE SHOPPING,PHP,IMPRESSIONS,8737.66172,103833
2023,7,DIGITAL,BRAND2,CAMPAIGN10,SEARCH,PHP,IMPRESSIONS,437.25,100
2023,7,DIGITAL,BRAND2,CAMPAIGN119,SOCIAL MEDIA,PHP,IMPRESSIONS,1561855.154,154393371
2023,7,DIGITAL,BRAND2,CAMPAIGN119,VIDEO,PHP,IMPRESSIONS,1331500.371,20684024
2023,7,DIGITAL,BRAND2,CAMPAIGN125,SOCIAL MEDIA,PHP,IMPRESSIONS,665928.6756,30716438
2023,7,DIGITAL,BRAND2,CAMPAIGN126,SOCIAL MEDIA,PHP,IMPRESSIONS,14010.62649,173172
2023,7,DIGITAL,BRAND2,CAMPAIGN53,SOCIAL MEDIA,PHP,IMPRESSIONS,443146.7255,26330853
2023,7,DIGITAL,BRAND2,CAMPAIGN79,GOOGLE SHOPPING,PHP,IMPRESSIONS,2325.52083,21031
2023,7,DIGITAL,BRAND3,CAMPAIGN10,SEARCH,PHP,IMPRESSIONS,125068.9,91345
2023,7,DIGITAL,BRAND3,CAMPAIGN114,SOCIAL MEDIA,PHP,IMPRESSIONS,151666.6667,28050
2023,7,DIGITAL,BRAND3,CAMPAIGN115,SOCIAL MEDIA,PHP,IMPRESSIONS,256666.6667,67072
2023,7,DIGITAL,BRAND3,CAMPAIGN79,GOOGLE SHOPPING,PHP,IMPRESSIONS,31660.79831,345088
2023,7,DIGITAL,BRAND4,CAMPAIGN10,SEARCH,PHP,IMPRESSIONS,27685.35,18264
2023,7,DIGITAL,BRAND4,CAMPAIGN116,SOCIAL MEDIA,PHP,IMPRESSIONS,1159563.32,65057744
2023,7,DIGITAL,BRAND4,CAMPAIGN99,VIDEO,PHP,IMPRESSIONS,1162195.016,30148749
2023,7,DIGITAL,BRAND5,CAMPAIGN124,SOCIAL MEDIA,PHP,IMPRESSIONS,2209421.156,115994396
2023,7,DIGITAL,BRAND5,CAMPAIGN124,VIDEO,PHP,IMPRESSIONS,423794.1004,8768529
2023,7,DIGITAL,BRAND6,CAMPAIGN10,SEARCH,PHP,IMPRESSIONS,42221.85,35209
2023,7,DIGITAL,BRAND6,CAMPAIGN19,ON PLATFORM AFFILIATES,PHP,SPEND,291145,291145
2023,7,DIGITAL,BRAND6,CAMPAIGN7,SOCIAL MEDIA,PHP,IMPRESSIONS,127864.0098,2181173
2023,7,DIGITAL,BRAND6,CAMPAIGN8,ON PLATFORM SEARCH,PHP,IMPRESSIONS,337419.1,2745272
2023,7,DIGITAL,BRAND8,CAMPAIGN120,SOCIAL MEDIA,PHP,IMPRESSIONS,716392.0628,23070213
2023,7,DIGITAL,BRAND8,CAMPAIGN120,VIDEO,PHP,IMPRESSIONS,353012.4131,8898962
2023,7,RADIO,BRAND5,CAMPAIGN124,X,PHP,SPEND,768399.5665,768399.5665
2023,7,TV,BRAND2,CAMPAIGN119,COMMERCIALAD,PHP,GRP,5119919.155,6505.44
2023,7,TV,BRAND4,CAMPAIGN116,COMMERCIALAD,PHP,GRP,4380961.88,4018.32
2023,7,TV,BRAND5,CAMPAIGN124,COMMERCIALAD,PHP,GRP,2043872.889,2718.96
2023,8,DIGITAL,BRAND1,CAMPAIGN10,SEARCH,PHP,IMPRESSIONS,15037,11386
2023,8,DIGITAL,BRAND1,CAMPAIGN121,SOCIAL MEDIA,PHP,IMPRESSIONS,164354.0279,15834163
2023,8,DIGITAL,BRAND1,CAMPAIGN121,VIDEO,PHP,IMPRESSIONS,1002235.378,18644858
2023,8,DIGITAL,BRAND2,CAMPAIGN10,SEARCH,PHP,IMPRESSIONS,151.8,25
2023,8,DIGITAL,BRAND2,CAMPAIGN119,SOCIAL MEDIA,PHP,IMPRESSIONS,816835.5755,87941320
2023,8,DIGITAL,BRAND2,CAMPAIGN119,VIDEO,PHP,IMPRESSIONS,908339.2392,15399738
2023,8,DIGITAL,BRAND3,CAMPAIGN10,SEARCH,PHP,IMPRESSIONS,136693.15,87633
2023,8,DIGITAL,BRAND4,CAMPAIGN10,SEARCH,PHP,IMPRESSIONS,14663,8533
2023,8,DIGITAL,BRAND4,CAMPAIGN116,SOCIAL MEDIA,PHP,IMPRESSIONS,995813.421,63383598
2023,8,DIGITAL,BRAND4,CAMPAIGN85,SOCIAL MEDIA,PHP,IMPRESSIONS,54421,11201
2023,8,DIGITAL,BRAND4,CAMPAIGN99,VIDEO,PHP,IMPRESSIONS,1265303.617,36030286
2023,8,DIGITAL,BRAND5,CAMPAIGN124,SOCIAL MEDIA,PHP,IMPRESSIONS,1633262.315,89966113
2023,8,DIGITAL,BRAND5,CAMPAIGN124,VIDEO,PHP,IMPRESSIONS,298158.281,5222546
2023,8,DIGITAL,BRAND6,CAMPAIGN10,SEARCH,PHP,IMPRESSIONS,13445.85,12592
2023,8,DIGITAL,BRAND6,CAMPAIGN127,SOCIAL MEDIA,PHP,IMPRESSIONS,6250,35260
2023,8,DIGITAL,BRAND6,CAMPAIGN19,ON PLATFORM AFFILIATES,PHP,SPEND,134745,134745
2023,8,DIGITAL,BRAND6,CAMPAIGN7,SOCIAL MEDIA,PHP,IMPRESSIONS,1239998.798,45072749
2023,8,DIGITAL,BRAND6,CAMPAIGN8,ON PLATFORM SEARCH,PHP,IMPRESSIONS,230061.44,2234042
2023,8,DIGITAL,BRAND8,CAMPAIGN120,SOCIAL MEDIA,PHP,IMPRESSIONS,226902.6859,11470256
2023,8,RADIO,BRAND5,CAMPAIGN124,X,PHP,SPEND,182580,182580
2023,8,TV,BRAND1,CAMPAIGN121,COMMERCIALAD,PHP,GRP,10291046.91,8064.48
2023,8,TV,BRAND2,CAMPAIGN119,COMMERCIALAD,PHP,GRP,6570502.55,9323.16
2023,8,TV,BRAND4,CAMPAIGN116,COMMERCIALAD,PHP,GRP,5948544.46,5450.4
2023,8,TV,BRAND5,CAMPAIGN124,COMMERCIALAD,PHP,GRP,2547384.916,3332.16
2023,9,DIGITAL,BRAND1,CAMPAIGN10,SEARCH,PHP,IMPRESSIONS,10017.7,7748
2023,9,DIGITAL,BRAND1,CAMPAIGN121,OOH,PHP,IMPRESSIONS,2003859.904,1773
2023,9,DIGITAL,BRAND1,CAMPAIGN121,SOCIAL MEDIA,PHP,IMPRESSIONS,1420123.051,166425587
2023,9,DIGITAL,BRAND1,CAMPAIGN121,VIDEO,PHP,IMPRESSIONS,2426176.516,35876554
2023,9,DIGITAL,BRAND1,CAMPAIGN79,GOOGLE SHOPPING,PHP,IMPRESSIONS,18.1824,54
2023,9,DIGITAL,BRAND2,CAMPAIGN10,SEARCH,PHP,IMPRESSIONS,110,20
2023,9,DIGITAL,BRAND2,CAMPAIGN119,SOCIAL MEDIA,PHP,IMPRESSIONS,226019.0173,23940050
2023,9,DIGITAL,BRAND2,CAMPAIGN119,VIDEO,PHP,IMPRESSIONS,810393.5452,12519599
2023,9,DIGITAL,BRAND3,CAMPAIGN10,SEARCH,PHP,IMPRESSIONS,106098.85,63775
2023,9,DIGITAL,BRAND3,CAMPAIGN79,GOOGLE SHOPPING,PHP,IMPRESSIONS,111.9354,878
2023,9,DIGITAL,BRAND4,CAMPAIGN10,SEARCH,PHP,IMPRESSIONS,4108.5,3147
2023,9,DIGITAL,BRAND4,CAMPAIGN116,SOCIAL MEDIA,PHP,IMPRESSIONS,795175.0915,58745339
2023,9,DIGITAL,BRAND4,CAMPAIGN128,SOCIAL MEDIA,PHP,IMPRESSIONS,147752.833,7216162
2023,9,DIGITAL,BRAND4,CAMPAIGN85,SOCIAL MEDIA,PHP,IMPRESSIONS,207775,160338
2023,9,DIGITAL,BRAND4,CAMPAIGN99,VIDEO,PHP,IMPRESSIONS,1224874.191,29423022
2023,9,DIGITAL,BRAND5,CAMPAIGN124,SOCIAL MEDIA,PHP,IMPRESSIONS,1269164.997,76614837
2023,9,DIGITAL,BRAND6,CAMPAIGN10,SEARCH,PHP,IMPRESSIONS,5756.3,6871
2023,9,DIGITAL,BRAND6,CAMPAIGN127,SOCIAL MEDIA,PHP,IMPRESSIONS,27500,48400
2023,9,DIGITAL,BRAND6,CAMPAIGN129,SOCIAL MEDIA,PHP,IMPRESSIONS,6250,3167
2023,9,DIGITAL,BRAND6,CAMPAIGN19,ON PLATFORM AFFILIATES,PHP,SPEND,545711,545711
2023,9,DIGITAL,BRAND6,CAMPAIGN7,SOCIAL MEDIA,PHP,IMPRESSIONS,612065.1085,8655484
2023,9,DIGITAL,BRAND6,CAMPAIGN8,ON PLATFORM SEARCH,PHP,IMPRESSIONS,499785.81,4094766
2023,9,DIGITAL,BRAND8,CAMPAIGN120,SOCIAL MEDIA,PHP,IMPRESSIONS,130745.2896,7500194
2023,9,DIGITAL,BRAND8,CAMPAIGN130,SOCIAL MEDIA,PHP,IMPRESSIONS,130288.523,2766217
2023,9,RADIO,BRAND5,CAMPAIGN124,X,PHP,SPEND,545020.442,545020.442
2023,9,TV,BRAND1,CAMPAIGN121,COMMERCIALAD,PHP,GRP,7084780.634,6907.8
2023,9,TV,BRAND2,CAMPAIGN119,COMMERCIALAD,PHP,GRP,5230590.022,7330.32
2023,9,TV,BRAND4,CAMPAIGN116,COMMERCIALAD,PHP,GRP,3127235.383,3263.88
2023,9,TV,BRAND5,CAMPAIGN124,COMMERCIALAD,PHP,GRP,623432.058,1158.36
2023,10,DIGITAL,BRAND1,CAMPAIGN10,SEARCH,PHP,IMPRESSIONS,5539.05,4166
2023,10,DIGITAL,BRAND1,CAMPAIGN121,OOH,PHP,IMPRESSIONS,1354508.784,935
2023,10,DIGITAL,BRAND1,CAMPAIGN121,SOCIAL MEDIA,PHP,IMPRESSIONS,1930193.668,167191036
2023,10,DIGITAL,BRAND1,CAMPAIGN121,VIDEO,PHP,IMPRESSIONS,3678518.576,46216825
2023,10,DIGITAL,BRAND1,CAMPAIGN131,SOCIAL MEDIA,PHP,IMPRESSIONS,908059.0238,39363681
2023,10,DIGITAL,BRAND2,CAMPAIGN10,SEARCH,PHP,IMPRESSIONS,223.85,44
2023,10,DIGITAL,BRAND2,CAMPAIGN126,SOCIAL MEDIA,PHP,IMPRESSIONS,2397655.187,117807141
2023,10,DIGITAL,BRAND2,CAMPAIGN132,SOCIAL MEDIA,PHP,IMPRESSIONS,963226.8983,21170891
2023,10,DIGITAL,BRAND2,CAMPAIGN132,VIDEO,PHP,IMPRESSIONS,3540919.722,50449354
2023,10,DIGITAL,BRAND2,CAMPAIGN133,SOCIAL MEDIA,PHP,IMPRESSIONS,587083.35,397670
2023,10,DIGITAL,BRAND2,CAMPAIGN134,SOCIAL MEDIA,PHP,IMPRESSIONS,205416.67,120802
2023,10,DIGITAL,BRAND2,CAMPAIGN135,SOCIAL MEDIA,PHP,IMPRESSIONS,15000,2626
2023,10,DIGITAL,BRAND2,CAMPAIGN145,SOCIAL MEDIA,PHP,IMPRESSIONS,206666.68,612009
2023,10,DIGITAL,BRAND3,CAMPAIGN10,SEARCH,PHP,IMPRESSIONS,77007.15,44849
2023,10,DIGITAL,BRAND3,CAMPAIGN79,GOOGLE SHOPPING,PHP,IMPRESSIONS,621.8518,6804
2023,10,DIGITAL,BRAND4,CAMPAIGN10,SEARCH,PHP,IMPRESSIONS,9432.5,6039
2023,10,DIGITAL,BRAND4,CAMPAIGN116,OTV,PHP,IMPRESSIONS,646662.4965,1080934
2023,10,DIGITAL,BRAND4,CAMPAIGN116,SOCIAL MEDIA,PHP,IMPRESSIONS,778172.6263,51752862
2023,10,DIGITAL,BRAND4,CAMPAIGN116,VIDEO,PHP,IMPRESSIONS,225930.7728,4352458
2023,10,DIGITAL,BRAND4,CAMPAIGN128,SOCIAL MEDIA,PHP,IMPRESSIONS,338424.8644,16766898
2023,10,DIGITAL,BRAND4,CAMPAIGN85,SOCIAL MEDIA,PHP,IMPRESSIONS,125000,135600
2023,10,DIGITAL,BRAND4,CAMPAIGN99,VIDEO,PHP,IMPRESSIONS,1233590.649,30809216
2023,10,DIGITAL,BRAND6,CAMPAIGN10,SEARCH,PHP,IMPRESSIONS,9506.75,10628
2023,10,DIGITAL,BRAND6,CAMPAIGN131,SOCIAL MEDIA,PHP,IMPRESSIONS,1111408.213,18872228
2023,10,DIGITAL,BRAND6,CAMPAIGN19,ON PLATFORM AFFILIATES,PHP,SPEND,119585.7494,119585.7494
2023,10,DIGITAL,BRAND6,CAMPAIGN7,SOCIAL MEDIA,PHP,IMPRESSIONS,385795.96,6849576
2023,10,DIGITAL,BRAND6,CAMPAIGN8,ON PLATFORM SEARCH,PHP,IMPRESSIONS,243507.37,2283168
2023,10,DIGITAL,BRAND8,CAMPAIGN120,SOCIAL MEDIA,PHP,IMPRESSIONS,1000205.044,57850725
2023,10,DIGITAL,BRAND8,CAMPAIGN130,SOCIAL MEDIA,PHP,IMPRESSIONS,1740618.802,40086106
2023,10,DIGITAL,BRAND8,CAMPAIGN136,SOCIAL MEDIA,PHP,IMPRESSIONS,160000,7300000
2023,10,DIGITAL,BRAND9,CAMPAIGN57,SOCIAL MEDIA,PHP,IMPRESSIONS,1048515.262,32273848
2023,10,TV,BRAND1,CAMPAIGN121,COMMERCIALAD,PHP,GRP,5512837.129,6880.68
2023,10,TV,BRAND2,CAMPAIGN126,COMMERCIALAD,PHP,GRP,20365078.76,16381.32
2023,11,DIGITAL,BRAND1,CAMPAIGN10,SEARCH,PHP,IMPRESSIONS,5119.95,3125
2023,11,DIGITAL,BRAND1,CAMPAIGN121,SOCIAL MEDIA,PHP,IMPRESSIONS,1396360,83685787
2023,11,DIGITAL,BRAND1,CAMPAIGN121,VIDEO,PHP,IMPRESSIONS,1378891.104,21657519
2023,11,DIGITAL,BRAND1,CAMPAIGN79,GOOGLE SHOPPING,PHP,IMPRESSIONS,201.10065,1651
2023,11,DIGITAL,BRAND2,CAMPAIGN10,SEARCH,PHP,IMPRESSIONS,691.35,124
2023,11,DIGITAL,BRAND2,CAMPAIGN126,SOCIAL MEDIA,PHP,IMPRESSIONS,2247296,120808211
2023,11,DIGITAL,BRAND2,CAMPAIGN132,SOCIAL MEDIA,PHP,IMPRESSIONS,1711398.511,38285563
2023,11,DIGITAL,BRAND2,CAMPAIGN132,VIDEO,PHP,IMPRESSIONS,3503157.334,54048789
2023,11,DIGITAL,BRAND3,CAMPAIGN10,SEARCH,PHP,IMPRESSIONS,75428.1,47189
2023,11,DIGITAL,BRAND3,CAMPAIGN79,GOOGLE SHOPPING,PHP,IMPRESSIONS,395.75175,4956
2023,11,DIGITAL,BRAND4,CAMPAIGN10,SEARCH,PHP,IMPRESSIONS,31760.3,12013
2023,11,DIGITAL,BRAND4,CAMPAIGN116,OTV,PHP,IMPRESSIONS,1641114.174,2774924
2023,11,DIGITAL,BRAND4,CAMPAIGN116,SOCIAL MEDIA,PHP,IMPRESSIONS,519984,34744212
2023,11,DIGITAL,BRAND4,CAMPAIGN116,VIDEO,PHP,IMPRESSIONS,1253361.386,28117772
2023,11,DIGITAL,BRAND4,CAMPAIGN128,SOCIAL MEDIA,PHP,IMPRESSIONS,270510.0128,13018068
2023,11,DIGITAL,BRAND4,CAMPAIGN85,SOCIAL MEDIA,PHP,IMPRESSIONS,90000,804047
2023,11,DIGITAL,BRAND6,CAMPAIGN10,SEARCH,PHP,IMPRESSIONS,35302.3,19607
2023,11,DIGITAL,BRAND6,CAMPAIGN19,ON PLATFORM AFFILIATES,PHP,SPEND,196883.3963,196883.3963
2023,11,DIGITAL,BRAND6,CAMPAIGN7,SOCIAL MEDIA,PHP,IMPRESSIONS,983131.903,16557919
2023,11,DIGITAL,BRAND6,CAMPAIGN8,ON PLATFORM SEARCH,PHP,IMPRESSIONS,701635.68,7303108
2023,11,DIGITAL,BRAND8,CAMPAIGN110,SOCIAL MEDIA,PHP,IMPRESSIONS,152617.3447,6710173
2023,11,DIGITAL,BRAND8,CAMPAIGN120,SOCIAL MEDIA,PHP,IMPRESSIONS,478186,30948675
2023,11,DIGITAL,BRAND8,CAMPAIGN130,SOCIAL MEDIA,PHP,IMPRESSIONS,1440473.813,34884599
2023,11,DIGITAL,BRAND9,CAMPAIGN16,SOCIAL MEDIA,PHP,IMPRESSIONS,421136.5363,9754683
2023,11,DIGITAL,BRAND9,CAMPAIGN57,SOCIAL MEDIA,PHP,IMPRESSIONS,1447787.715,43774625
2023,11,TV,BRAND1,CAMPAIGN121,COMMERCIALAD,PHP,GRP,6594791.258,9427.68
2023,11,TV,BRAND2,CAMPAIGN126,COMMERCIALAD,PHP,GRP,14732755.57,18456.84
