Brand,Year,Month,Grouping4,Grouping1,Grouping0,Giver,Receiver,Adjusted_Volume,Margin Revenue
BRAND3,2022,1,CAMPAIGN1,TV,HALO,BRAND6,BRAND3,0,0
BRAND3,2022,1,CAMPAIGN10,DIGITAL,TARGET,BRAND3,BRAND3,85.42125579,24296.20038
BRAND3,2022,1,CAMPAIGN11,DIGITAL,TARGET,BRAND3,BRAND3,0,0
BRAND3,2022,1,CAMPAIGN12,DIGITAL,TARGET,BRAND3,BRAND3,0,0
BRAND3,2022,1,CAMPAIGN13,DIGITAL,TARGET,BRAND3,BRAND3,2200.979421,626020.2634
BRAND3,2022,1,CAMPAIGN137,TV,HALO,BRAND1,BRAND3,0,0
BRAND3,2022,1,CAMPAIGN138,TV,TARGET,BRAND3,BRAND3,0,0
BRAND3,2022,1,CAMPAIGN146,TV,HALO,BRAND1,BRAND3,0,0
BRAND3,2022,1,CAMPAIGN147,TV,HALO,BRAND1,BRAND3,0,0
BRAND3,2022,1,CAMPAIGN148,TV,HALO,BRAND1,BRAND3,0,0
BRAND3,2022,1,CAMPAIGN149,TV,HALO,BRAND1,BRAND3,0,0
BRAND3,2022,1,CAMPAIGN150,TV,HALO,BRAND1,BRAND3,0,0
BRAND3,2022,1,CAMPAIGN151,TV,HALO,BRAND2,BRAND3,0,0
BRAND3,2022,1,CAMPAIGN152,TV,HALO,BRAND2,BRAND3,0,0
BRAND3,2022,1,CAMPAIGN153,DIGITAL,TARGET,BRAND3,BRAND3,0,0
BRAND3,2022,1,CAMPAIGN154,DIGITAL,TARGET,BRAND3,BRAND3,0,0
BRAND3,2022,1,CAMPAIGN155,DIGITAL,TARGET,BRAND3,BRAND3,0,0
BRAND3,2022,1,CAMPAIGN156,DIGITAL,TARGET,BRAND3,BRAND3,0,0
BRAND3,2022,1,CAMPAIGN157,DIGITAL,TARGET,BRAND3,BRAND3,0,0
BRAND3,2022,1,CAMPAIGN158,DIGITAL,TARGET,BRAND3,BRAND3,0,0
BRAND3,2022,1,CAMPAIGN159,DIGITAL,TARGET,BRAND3,BRAND3,0,0
BRAND3,2022,1,CAMPAIGN160,DIGITAL,TARGET,BRAND3,BRAND3,0,0
BRAND3,2022,1,CAMPAIGN160,TV,TARGET,BRAND3,BRAND3,0,0
BRAND3,2022,1,CAMPAIGN161,TV,TARGET,BRAND3,BRAND3,0,0
BRAND3,2022,1,CAMPAIGN162,TV,TARGET,BRAND3,BRAND3,0,0
BRAND3,2022,1,CAMPAIGN17,DIGITAL,TARGET,BRAND3,BRAND3,0,0
BRAND3,2022,1,CAMPAIGN18,DIGITAL,TARGET,BRAND3,BRAND3,0,0
BRAND3,2022,1,CAMPAIGN2,TV,HALO,BRAND2,BRAND3,1921.725585,546592.642
BRAND3,2022,1,CAMPAIGN20,DIGITAL,TARGET,BRAND3,BRAND3,0,0
BRAND3,2022,1,CAMPAIGN22,DIGITAL,TARGET,BRAND3,BRAND3,0,0
BRAND3,2022,1,CAMPAIGN23,DIGITAL,TARGET,BRAND3,BRAND3,0,0
BRAND3,2022,1,CAMPAIGN24,DIGITAL,TARGET,BRAND3,BRAND3,754.0346544,214468.599
BRAND3,2022,1,CAMPAIGN26,DIGITAL,TARGET,BRAND3,BRAND3,408.2134201,116107.3431
BRAND3,2022,1,CAMPAIGN27,DIGITAL,TARGET,BRAND3,BRAND3,0,0
BRAND3,2022,1,CAMPAIGN3,TV,HALO,BRAND5,BRAND3,0,0
BRAND3,2022,1,CAMPAIGN31,DIGITAL,TARGET,BRAND3,BRAND3,415.0881115,118062.6981
BRAND3,2022,1,CAMPAIGN32,DIGITAL,TARGET,BRAND3,BRAND3,721.6432621,205255.5788
BRAND3,2022,1,CAMPAIGN33,TV,HALO,BRAND6,BRAND3,2920.79806,830756.8681
BRAND3,2022,1,CAMPAIGN34,DIGITAL,TARGET,BRAND3,BRAND3,2155.550431,613098.9848
BRAND3,2022,1,CAMPAIGN36,TV,HALO,BRAND10,BRAND3,6866.99109,1953164.818
BRAND3,2022,1,CAMPAIGN7,DIGITAL,TARGET,BRAND3,BRAND3,0,0
BRAND3,2022,1,CAMPAIGN80,DIGITAL,TARGET,BRAND3,BRAND3,0.02285032,6.499271791
BRAND3,2022,2,CAMPAIGN1,TV,HALO,BRAND6,BRAND3,0,0
BRAND3,2022,2,CAMPAIGN10,DIGITAL,TARGET,BRAND3,BRAND3,93.31852623,27623.35121
BRAND3,2022,2,CAMPAIGN11,DIGITAL,TARGET,BRAND3,BRAND3,0,0
BRAND3,2022,2,CAMPAIGN12,DIGITAL,TARGET,BRAND3,BRAND3,0,0
BRAND3,2022,2,CAMPAIGN13,DIGITAL,TARGET,BRAND3,BRAND3,1399.040715,414132.055
BRAND3,2022,2,CAMPAIGN137,TV,HALO,BRAND1,BRAND3,0,0
BRAND3,2022,2,CAMPAIGN138,TV,TARGET,BRAND3,BRAND3,0,0
BRAND3,2022,2,CAMPAIGN146,TV,HALO,BRAND1,BRAND3,0,0
BRAND3,2022,2,CAMPAIGN147,TV,HALO,BRAND1,BRAND3,0,0
BRAND3,2022,2,CAMPAIGN148,TV,HALO,BRAND1,BRAND3,0,0
BRAND3,2022,2,CAMPAIGN149,TV,HALO,BRAND1,BRAND3,0,0
BRAND3,2022,2,CAMPAIGN150,TV,HALO,BRAND1,BRAND3,0,0
BRAND3,2022,2,CAMPAIGN151,TV,HALO,BRAND2,BRAND3,0,0
BRAND3,2022,2,CAMPAIGN152,TV,HALO,BRAND2,BRAND3,0,0
BRAND3,2022,2,CAMPAIGN153,DIGITAL,TARGET,BRAND3,BRAND3,0,0
BRAND3,2022,2,CAMPAIGN154,DIGITAL,TARGET,BRAND3,BRAND3,0,0
BRAND3,2022,2,CAMPAIGN155,DIGITAL,TARGET,BRAND3,BRAND3,0,0
BRAND3,2022,2,CAMPAIGN156,DIGITAL,TARGET,BRAND3,BRAND3,0,0
BRAND3,2022,2,CAMPAIGN157,DIGITAL,TARGET,BRAND3,BRAND3,0,0
BRAND3,2022,2,CAMPAIGN158,DIGITAL,TARGET,BRAND3,BRAND3,0,0
BRAND3,2022,2,CAMPAIGN159,DIGITAL,TARGET,BRAND3,BRAND3,0,0
BRAND3,2022,2,CAMPAIGN160,DIGITAL,TARGET,BRAND3,BRAND3,0,0
BRAND3,2022,2,CAMPAIGN160,TV,TARGET,BRAND3,BRAND3,0,0
BRAND3,2022,2,CAMPAIGN161,TV,TARGET,BRAND3,BRAND3,0,0
BRAND3,2022,2,CAMPAIGN162,TV,TARGET,BRAND3,BRAND3,0,0
BRAND3,2022,2,CAMPAIGN17,DIGITAL,TARGET,BRAND3,BRAND3,0,0
BRAND3,2022,2,CAMPAIGN18,DIGITAL,TARGET,BRAND3,BRAND3,0,0
BRAND3,2022,2,CAMPAIGN2,TV,HALO,BRAND2,BRAND3,668.4194451,197859.8017
BRAND3,2022,2,CAMPAIGN20,DIGITAL,TARGET,BRAND3,BRAND3,0,0
BRAND3,2022,2,CAMPAIGN22,DIGITAL,TARGET,BRAND3,BRAND3,0,0
BRAND3,2022,2,CAMPAIGN23,DIGITAL,TARGET,BRAND3,BRAND3,0,0
BRAND3,2022,2,CAMPAIGN24,DIGITAL,TARGET,BRAND3,BRAND3,798.2162167,236281.1308
BRAND3,2022,2,CAMPAIGN26,DIGITAL,TARGET,BRAND3,BRAND3,12.59998969,3729.741078
BRAND3,2022,2,CAMPAIGN27,DIGITAL,TARGET,BRAND3,BRAND3,0,0
BRAND3,2022,2,CAMPAIGN3,TV,HALO,BRAND5,BRAND3,0,0
BRAND3,2022,2,CAMPAIGN31,DIGITAL,TARGET,BRAND3,BRAND3,306.1647054,90628.25494
BRAND3,2022,2,CAMPAIGN32,DIGITAL,TARGET,BRAND3,BRAND3,8.177085496,2420.510843
BRAND3,2022,2,CAMPAIGN33,TV,HALO,BRAND6,BRAND3,1992.059904,589672.5183
BRAND3,2022,2,CAMPAIGN34,DIGITAL,TARGET,BRAND3,BRAND3,1209.955623,358160.7049
BRAND3,2022,2,CAMPAIGN36,TV,HALO,BRAND10,BRAND3,3558.389399,1053323.966
BRAND3,2022,2,CAMPAIGN7,DIGITAL,TARGET,BRAND3,BRAND3,0,0
BRAND3,2022,2,CAMPAIGN80,DIGITAL,TARGET,BRAND3,BRAND3,0.016233663,4.805349877
BRAND3,2022,3,CAMPAIGN1,TV,HALO,BRAND6,BRAND3,0,0
BRAND3,2022,3,CAMPAIGN10,DIGITAL,TARGET,BRAND3,BRAND3,212.2075648,60481.07401
BRAND3,2022,3,CAMPAIGN11,DIGITAL,TARGET,BRAND3,BRAND3,0,0
BRAND3,2022,3,CAMPAIGN12,DIGITAL,TARGET,BRAND3,BRAND3,0,0
BRAND3,2022,3,CAMPAIGN13,DIGITAL,TARGET,BRAND3,BRAND3,1524.919285,434615.7793
BRAND3,2022,3,CAMPAIGN137,TV,HALO,BRAND1,BRAND3,0,0
BRAND3,2022,3,CAMPAIGN138,TV,TARGET,BRAND3,BRAND3,0,0
BRAND3,2022,3,CAMPAIGN146,TV,HALO,BRAND1,BRAND3,0,0
BRAND3,2022,3,CAMPAIGN147,TV,HALO,BRAND1,BRAND3,0,0
BRAND3,2022,3,CAMPAIGN148,TV,HALO,BRAND1,BRAND3,0,0
BRAND3,2022,3,CAMPAIGN149,TV,HALO,BRAND1,BRAND3,0,0
BRAND3,2022,3,CAMPAIGN150,TV,HALO,BRAND1,BRAND3,0,0
BRAND3,2022,3,CAMPAIGN151,TV,HALO,BRAND2,BRAND3,0,0
BRAND3,2022,3,CAMPAIGN152,TV,HALO,BRAND2,BRAND3,0,0
BRAND3,2022,3,CAMPAIGN153,DIGITAL,TARGET,BRAND3,BRAND3,0,0
BRAND3,2022,3,CAMPAIGN154,DIGITAL,TARGET,BRAND3,BRAND3,0,0
BRAND3,2022,3,CAMPAIGN155,DIGITAL,TARGET,BRAND3,BRAND3,0,0
BRAND3,2022,3,CAMPAIGN156,DIGITAL,TARGET,BRAND3,BRAND3,0,0
BRAND3,2022,3,CAMPAIGN157,DIGITAL,TARGET,BRAND3,BRAND3,0,0
BRAND3,2022,3,CAMPAIGN158,DIGITAL,TARGET,BRAND3,BRAND3,0,0
BRAND3,2022,3,CAMPAIGN159,DIGITAL,TARGET,BRAND3,BRAND3,0,0
BRAND3,2022,3,CAMPAIGN160,DIGITAL,TARGET,BRAND3,BRAND3,0,0
BRAND3,2022,3,CAMPAIGN160,TV,TARGET,BRAND3,BRAND3,0,0
BRAND3,2022,3,CAMPAIGN161,TV,TARGET,BRAND3,BRAND3,0,0
BRAND3,2022,3,CAMPAIGN162,TV,TARGET,BRAND3,BRAND3,0,0
BRAND3,2022,3,CAMPAIGN17,DIGITAL,TARGET,BRAND3,BRAND3,0,0
BRAND3,2022,3,CAMPAIGN18,DIGITAL,TARGET,BRAND3,BRAND3,0,0
BRAND3,2022,3,CAMPAIGN2,TV,HALO,BRAND2,BRAND3,1346.120958,383656.64
BRAND3,2022,3,CAMPAIGN20,DIGITAL,TARGET,BRAND3,BRAND3,0,0
BRAND3,2022,3,CAMPAIGN22,DIGITAL,TARGET,BRAND3,BRAND3,0,0
BRAND3,2022,3,CAMPAIGN23,DIGITAL,TARGET,BRAND3,BRAND3,0,0
BRAND3,2022,3,CAMPAIGN24,DIGITAL,TARGET,BRAND3,BRAND3,1356.742044,386683.7455
BRAND3,2022,3,CAMPAIGN26,DIGITAL,TARGET,BRAND3,BRAND3,0,0
BRAND3,2022,3,CAMPAIGN27,DIGITAL,TARGET,BRAND3,BRAND3,0,0
BRAND3,2022,3,CAMPAIGN3,TV,HALO,BRAND5,BRAND3,0,0
BRAND3,2022,3,CAMPAIGN31,DIGITAL,TARGET,BRAND3,BRAND3,784.5700213,223609.5475
BRAND3,2022,3,CAMPAIGN32,DIGITAL,TARGET,BRAND3,BRAND3,640.6415454,182588.6309
BRAND3,2022,3,CAMPAIGN33,TV,HALO,BRAND6,BRAND3,2963.999386,844766.6154
BRAND3,2022,3,CAMPAIGN34,DIGITAL,TARGET,BRAND3,BRAND3,123.9003851,35312.72965
BRAND3,2022,3,CAMPAIGN36,TV,HALO,BRAND10,BRAND3,4577.600984,1304657.656
BRAND3,2022,3,CAMPAIGN7,DIGITAL,TARGET,BRAND3,BRAND3,0,0
BRAND3,2022,3,CAMPAIGN80,DIGITAL,TARGET,BRAND3,BRAND3,0.172241134,59.34907912
BRAND3,2022,4,CAMPAIGN1,TV,HALO,BRAND6,BRAND3,0,0
BRAND3,2022,4,CAMPAIGN10,DIGITAL,TARGET,BRAND3,BRAND3,97.77575582,31014.77984
BRAND3,2022,4,CAMPAIGN11,DIGITAL,TARGET,BRAND3,BRAND3,0,0
BRAND3,2022,4,CAMPAIGN12,DIGITAL,TARGET,BRAND3,BRAND3,0,0
BRAND3,2022,4,CAMPAIGN13,DIGITAL,TARGET,BRAND3,BRAND3,1285.862473,407879.6544
BRAND3,2022,4,CAMPAIGN137,TV,HALO,BRAND1,BRAND3,0,0
BRAND3,2022,4,CAMPAIGN138,TV,TARGET,BRAND3,BRAND3,0,0
BRAND3,2022,4,CAMPAIGN146,TV,HALO,BRAND1,BRAND3,0,0
BRAND3,2022,4,CAMPAIGN147,TV,HALO,BRAND1,BRAND3,0,0
BRAND3,2022,4,CAMPAIGN148,TV,HALO,BRAND1,BRAND3,0,0
BRAND3,2022,4,CAMPAIGN149,TV,HALO,BRAND1,BRAND3,0,0
BRAND3,2022,4,CAMPAIGN150,TV,HALO,BRAND1,BRAND3,0,0
BRAND3,2022,4,CAMPAIGN151,TV,HALO,BRAND2,BRAND3,0,0
BRAND3,2022,4,CAMPAIGN152,TV,HALO,BRAND2,BRAND3,0,0
BRAND3,2022,4,CAMPAIGN153,DIGITAL,TARGET,BRAND3,BRAND3,0,0
BRAND3,2022,4,CAMPAIGN154,DIGITAL,TARGET,BRAND3,BRAND3,0,0
BRAND3,2022,4,CAMPAIGN155,DIGITAL,TARGET,BRAND3,BRAND3,0,0
BRAND3,2022,4,CAMPAIGN156,DIGITAL,TARGET,BRAND3,BRAND3,0,0
BRAND3,2022,4,CAMPAIGN157,DIGITAL,TARGET,BRAND3,BRAND3,0,0
BRAND3,2022,4,CAMPAIGN158,DIGITAL,TARGET,BRAND3,BRAND3,0,0
BRAND3,2022,4,CAMPAIGN159,DIGITAL,TARGET,BRAND3,BRAND3,0,0
BRAND3,2022,4,CAMPAIGN160,DIGITAL,TARGET,BRAND3,BRAND3,0,0
BRAND3,2022,4,CAMPAIGN160,TV,TARGET,BRAND3,BRAND3,0,0
BRAND3,2022,4,CAMPAIGN161,TV,TARGET,BRAND3,BRAND3,0,0
BRAND3,2022,4,CAMPAIGN162,TV,TARGET,BRAND3,BRAND3,0,0
BRAND3,2022,4,CAMPAIGN17,DIGITAL,TARGET,BRAND3,BRAND3,0,0
BRAND3,2022,4,CAMPAIGN18,DIGITAL,TARGET,BRAND3,BRAND3,0,0
BRAND3,2022,4,CAMPAIGN2,TV,HALO,BRAND2,BRAND3,1077.462455,341774.5079
BRAND3,2022,4,CAMPAIGN20,DIGITAL,TARGET,BRAND3,BRAND3,0,0
BRAND3,2022,4,CAMPAIGN22,DIGITAL,TARGET,BRAND3,BRAND3,0,0
BRAND3,2022,4,CAMPAIGN23,DIGITAL,TARGET,BRAND3,BRAND3,0,0
BRAND3,2022,4,CAMPAIGN24,DIGITAL,TARGET,BRAND3,BRAND3,412.2354031,130762.3773
BRAND3,2022,4,CAMPAIGN26,DIGITAL,TARGET,BRAND3,BRAND3,0,0
BRAND3,2022,4,CAMPAIGN27,DIGITAL,TARGET,BRAND3,BRAND3,0,0
BRAND3,2022,4,CAMPAIGN31,DIGITAL,TARGET,BRAND3,BRAND3,286.4983886,90878.19749
BRAND3,2022,4,CAMPAIGN32,DIGITAL,TARGET,BRAND3,BRAND3,293.8389594,93206.64982
BRAND3,2022,4,CAMPAIGN33,TV,HALO,BRAND6,BRAND3,2006.718228,636537.3863
BRAND3,2022,4,CAMPAIGN34,DIGITAL,TARGET,BRAND3,BRAND3,1454.771106,461458.0088
BRAND3,2022,4,CAMPAIGN36,TV,HALO,BRAND10,BRAND3,1.04E-05,0.003289257
BRAND3,2022,4,CAMPAIGN7,DIGITAL,TARGET,BRAND3,BRAND3,0,0
BRAND3,2022,4,CAMPAIGN80,DIGITAL,TARGET,BRAND3,BRAND3,0.172241134,4.805349877
BRAND3,2022,4,CAMPAIGN81,TV,TARGET,BRAND3,BRAND3,1196.347547,379485.236
BRAND3,2022,5,CAMPAIGN1,TV,HALO,BRAND6,BRAND3,0,0
BRAND3,2022,5,CAMPAIGN10,DIGITAL,TARGET,BRAND3,BRAND3,37.12293054,11619.94295
BRAND3,2022,5,CAMPAIGN11,DIGITAL,TARGET,BRAND3,BRAND3,0,0
BRAND3,2022,5,CAMPAIGN12,DIGITAL,TARGET,BRAND3,BRAND3,0,0
BRAND3,2022,5,CAMPAIGN13,DIGITAL,TARGET,BRAND3,BRAND3,0,0
BRAND3,2022,5,CAMPAIGN137,TV,HALO,BRAND1,BRAND3,0,0
BRAND3,2022,5,CAMPAIGN138,TV,TARGET,BRAND3,BRAND3,0,0
BRAND3,2022,5,CAMPAIGN146,TV,HALO,BRAND1,BRAND3,0,0
BRAND3,2022,5,CAMPAIGN147,TV,HALO,BRAND1,BRAND3,0,0
BRAND3,2022,5,CAMPAIGN148,TV,HALO,BRAND1,BRAND3,0,0
BRAND3,2022,5,CAMPAIGN149,TV,HALO,BRAND1,BRAND3,0,0
BRAND3,2022,5,CAMPAIGN150,TV,HALO,BRAND1,BRAND3,0,0
BRAND3,2022,5,CAMPAIGN151,TV,HALO,BRAND2,BRAND3,0,0
BRAND3,2022,5,CAMPAIGN152,TV,HALO,BRAND2,BRAND3,0,0
BRAND3,2022,5,CAMPAIGN153,DIGITAL,TARGET,BRAND3,BRAND3,0,0
BRAND3,2022,5,CAMPAIGN154,DIGITAL,TARGET,BRAND3,BRAND3,0,0
BRAND3,2022,5,CAMPAIGN155,DIGITAL,TARGET,BRAND3,BRAND3,0,0
BRAND3,2022,5,CAMPAIGN156,DIGITAL,TARGET,BRAND3,BRAND3,0,0
BRAND3,2022,5,CAMPAIGN157,DIGITAL,TARGET,BRAND3,BRAND3,0,0
BRAND3,2022,5,CAMPAIGN158,DIGITAL,TARGET,BRAND3,BRAND3,0,0
BRAND3,2022,5,CAMPAIGN159,DIGITAL,TARGET,BRAND3,BRAND3,0,0
BRAND3,2022,5,CAMPAIGN160,DIGITAL,TARGET,BRAND3,BRAND3,0,0
BRAND3,2022,5,CAMPAIGN160,TV,TARGET,BRAND3,BRAND3,0,0
BRAND3,2022,5,CAMPAIGN161,TV,TARGET,BRAND3,BRAND3,0,0
BRAND3,2022,5,CAMPAIGN162,TV,TARGET,BRAND3,BRAND3,0,0
BRAND3,2022,5,CAMPAIGN17,DIGITAL,TARGET,BRAND3,BRAND3,0,0
BRAND3,2022,5,CAMPAIGN18,DIGITAL,TARGET,BRAND3,BRAND3,0,0
BRAND3,2022,5,CAMPAIGN2,TV,HALO,BRAND2,BRAND3,742.6321133,232453.1674
BRAND3,2022,5,CAMPAIGN20,DIGITAL,TARGET,BRAND3,BRAND3,0,0
BRAND3,2022,5,CAMPAIGN22,DIGITAL,TARGET,BRAND3,BRAND3,0,0
BRAND3,2022,5,CAMPAIGN23,DIGITAL,TARGET,BRAND3,BRAND3,0,0
BRAND3,2022,5,CAMPAIGN24,DIGITAL,TARGET,BRAND3,BRAND3,258.8727246,81030.41022
BRAND3,2022,5,CAMPAIGN26,DIGITAL,TARGET,BRAND3,BRAND3,0,0
BRAND3,2022,5,CAMPAIGN27,DIGITAL,TARGET,BRAND3,BRAND3,0,0
BRAND3,2022,5,CAMPAIGN31,DIGITAL,TARGET,BRAND3,BRAND3,0,0
BRAND3,2022,5,CAMPAIGN32,DIGITAL,TARGET,BRAND3,BRAND3,65.26719647,20429.45124
BRAND3,2022,5,CAMPAIGN33,TV,HALO,BRAND6,BRAND3,1721.744381,538927.5898
BRAND3,2022,5,CAMPAIGN34,DIGITAL,TARGET,BRAND3,BRAND3,2502.45016,783298.292
BRAND3,2022,5,CAMPAIGN39,DIGITAL,TARGET,BRAND3,BRAND3,1043.511593,326632.2189
BRAND3,2022,5,CAMPAIGN7,DIGITAL,TARGET,BRAND3,BRAND3,0,0
BRAND3,2022,5,CAMPAIGN80,DIGITAL,TARGET,BRAND3,BRAND3,0.016233663,4.805349877
BRAND3,2022,5,CAMPAIGN81,TV,TARGET,BRAND3,BRAND3,5071.378942,1587405.226
BRAND3,2022,6,CAMPAIGN1,TV,HALO,BRAND6,BRAND3,0,0
BRAND3,2022,6,CAMPAIGN10,DIGITAL,TARGET,BRAND3,BRAND3,152.2536516,53373.0827
BRAND3,2022,6,CAMPAIGN11,DIGITAL,TARGET,BRAND3,BRAND3,197.8934047,69372.26758
BRAND3,2022,6,CAMPAIGN12,DIGITAL,TARGET,BRAND3,BRAND3,0,0
BRAND3,2022,6,CAMPAIGN13,DIGITAL,TARGET,BRAND3,BRAND3,857.7442461,300685.4293
BRAND3,2022,6,CAMPAIGN137,TV,HALO,BRAND1,BRAND3,0,0
BRAND3,2022,6,CAMPAIGN138,TV,TARGET,BRAND3,BRAND3,0,0
BRAND3,2022,6,CAMPAIGN146,TV,HALO,BRAND1,BRAND3,0,0
BRAND3,2022,6,CAMPAIGN147,TV,HALO,BRAND1,BRAND3,0,0
BRAND3,2022,6,CAMPAIGN148,TV,HALO,BRAND1,BRAND3,0,0
BRAND3,2022,6,CAMPAIGN149,TV,HALO,BRAND1,BRAND3,0,0
BRAND3,2022,6,CAMPAIGN150,TV,HALO,BRAND1,BRAND3,0,0
BRAND3,2022,6,CAMPAIGN151,TV,HALO,BRAND2,BRAND3,0,0
BRAND3,2022,6,CAMPAIGN152,TV,HALO,BRAND2,BRAND3,0,0
BRAND3,2022,6,CAMPAIGN153,DIGITAL,TARGET,BRAND3,BRAND3,0,0
BRAND3,2022,6,CAMPAIGN154,DIGITAL,TARGET,BRAND3,BRAND3,0,0
BRAND3,2022,6,CAMPAIGN155,DIGITAL,TARGET,BRAND3,BRAND3,0,0
BRAND3,2022,6,CAMPAIGN156,DIGITAL,TARGET,BRAND3,BRAND3,0,0
BRAND3,2022,6,CAMPAIGN157,DIGITAL,TARGET,BRAND3,BRAND3,0,0
BRAND3,2022,6,CAMPAIGN158,DIGITAL,TARGET,BRAND3,BRAND3,0,0
BRAND3,2022,6,CAMPAIGN159,DIGITAL,TARGET,BRAND3,BRAND3,0,0
BRAND3,2022,6,CAMPAIGN160,DIGITAL,TARGET,BRAND3,BRAND3,0,0
BRAND3,2022,6,CAMPAIGN160,TV,TARGET,BRAND3,BRAND3,0,0
BRAND3,2022,6,CAMPAIGN161,TV,TARGET,BRAND3,BRAND3,0,0
BRAND3,2022,6,CAMPAIGN162,TV,TARGET,BRAND3,BRAND3,0,0
BRAND3,2022,6,CAMPAIGN17,DIGITAL,TARGET,BRAND3,BRAND3,0,0
BRAND3,2022,6,CAMPAIGN18,DIGITAL,TARGET,BRAND3,BRAND3,0,0
BRAND3,2022,6,CAMPAIGN2,TV,HALO,BRAND2,BRAND3,871.5514963,305525.6121
BRAND3,2022,6,CAMPAIGN20,DIGITAL,TARGET,BRAND3,BRAND3,0,0
BRAND3,2022,6,CAMPAIGN22,DIGITAL,TARGET,BRAND3,BRAND3,0,0
BRAND3,2022,6,CAMPAIGN23,DIGITAL,TARGET,BRAND3,BRAND3,0,0
BRAND3,2022,6,CAMPAIGN24,DIGITAL,TARGET,BRAND3,BRAND3,24.06489517,8436.038328
BRAND3,2022,6,CAMPAIGN26,DIGITAL,TARGET,BRAND3,BRAND3,0,0
BRAND3,2022,6,CAMPAIGN27,DIGITAL,TARGET,BRAND3,BRAND3,0,0
BRAND3,2022,6,CAMPAIGN31,DIGITAL,TARGET,BRAND3,BRAND3,0,0
BRAND3,2022,6,CAMPAIGN32,DIGITAL,TARGET,BRAND3,BRAND3,9.777640477,3427.588163
BRAND3,2022,6,CAMPAIGN33,TV,HALO,BRAND6,BRAND3,1846.598118,647331.8245
BRAND3,2022,6,CAMPAIGN34,DIGITAL,TARGET,BRAND3,BRAND3,1618.641187,567420.6764
BRAND3,2022,6,CAMPAIGN39,DIGITAL,TARGET,BRAND3,BRAND3,42.3856609,14858.45076
BRAND3,2022,6,CAMPAIGN46,DIGITAL,TARGET,BRAND3,BRAND3,660.1626282,231422.4597
BRAND3,2022,6,CAMPAIGN7,DIGITAL,TARGET,BRAND3,BRAND3,0,0
BRAND3,2022,6,CAMPAIGN80,DIGITAL,TARGET,BRAND3,BRAND3,0.016233663,4.805349877
BRAND3,2022,6,CAMPAIGN81,TV,TARGET,BRAND3,BRAND3,2918.112195,1022955.062
BRAND3,2022,7,CAMPAIGN1,TV,HALO,BRAND6,BRAND3,0,0
BRAND3,2022,7,CAMPAIGN10,DIGITAL,TARGET,BRAND3,BRAND3,67.15743428,19619.91205
BRAND3,2022,7,CAMPAIGN11,DIGITAL,TARGET,BRAND3,BRAND3,179.6079633,52472.11246
BRAND3,2022,7,CAMPAIGN12,DIGITAL,TARGET,BRAND3,BRAND3,0,0
BRAND3,2022,7,CAMPAIGN13,DIGITAL,TARGET,BRAND3,BRAND3,411.7701173,120297.8282
BRAND3,2022,7,CAMPAIGN137,TV,HALO,BRAND1,BRAND3,0,0
BRAND3,2022,7,CAMPAIGN138,TV,TARGET,BRAND3,BRAND3,0,0
BRAND3,2022,7,CAMPAIGN146,TV,HALO,BRAND1,BRAND3,0,0
BRAND3,2022,7,CAMPAIGN147,TV,HALO,BRAND1,BRAND3,0,0
BRAND3,2022,7,CAMPAIGN148,TV,HALO,BRAND1,BRAND3,0,0
BRAND3,2022,7,CAMPAIGN149,TV,HALO,BRAND1,BRAND3,0,0
BRAND3,2022,7,CAMPAIGN150,TV,HALO,BRAND1,BRAND3,0,0
BRAND3,2022,7,CAMPAIGN151,TV,HALO,BRAND2,BRAND3,0,0
BRAND3,2022,7,CAMPAIGN152,TV,HALO,BRAND2,BRAND3,0,0
BRAND3,2022,7,CAMPAIGN153,DIGITAL,TARGET,BRAND3,BRAND3,0,0
BRAND3,2022,7,CAMPAIGN154,DIGITAL,TARGET,BRAND3,BRAND3,0,0
BRAND3,2022,7,CAMPAIGN155,DIGITAL,TARGET,BRAND3,BRAND3,0,0
BRAND3,2022,7,CAMPAIGN156,DIGITAL,TARGET,BRAND3,BRAND3,0,0
BRAND3,2022,7,CAMPAIGN157,DIGITAL,TARGET,BRAND3,BRAND3,0,0
BRAND3,2022,7,CAMPAIGN158,DIGITAL,TARGET,BRAND3,BRAND3,0,0
BRAND3,2022,7,CAMPAIGN159,DIGITAL,TARGET,BRAND3,BRAND3,0,0
BRAND3,2022,7,CAMPAIGN160,DIGITAL,TARGET,BRAND3,BRAND3,0,0
BRAND3,2022,7,CAMPAIGN160,TV,TARGET,BRAND3,BRAND3,0,0
BRAND3,2022,7,CAMPAIGN161,TV,TARGET,BRAND3,BRAND3,0,0
BRAND3,2022,7,CAMPAIGN162,TV,TARGET,BRAND3,BRAND3,0,0
BRAND3,2022,7,CAMPAIGN17,DIGITAL,TARGET,BRAND3,BRAND3,0,0
BRAND3,2022,7,CAMPAIGN18,DIGITAL,TARGET,BRAND3,BRAND3,0,0
BRAND3,2022,7,CAMPAIGN2,TV,HALO,BRAND2,BRAND3,1275.629043,372672.5106
BRAND3,2022,7,CAMPAIGN20,DIGITAL,TARGET,BRAND3,BRAND3,0,0
BRAND3,2022,7,CAMPAIGN22,DIGITAL,TARGET,BRAND3,BRAND3,0,0
BRAND3,2022,7,CAMPAIGN23,DIGITAL,TARGET,BRAND3,BRAND3,0,0
BRAND3,2022,7,CAMPAIGN24,DIGITAL,TARGET,BRAND3,BRAND3,0,0
BRAND3,2022,7,CAMPAIGN26,DIGITAL,TARGET,BRAND3,BRAND3,0,0
BRAND3,2022,7,CAMPAIGN27,DIGITAL,TARGET,BRAND3,BRAND3,0,0
BRAND3,2022,7,CAMPAIGN31,DIGITAL,TARGET,BRAND3,BRAND3,0,0
BRAND3,2022,7,CAMPAIGN32,DIGITAL,TARGET,BRAND3,BRAND3,0,0
BRAND3,2022,7,CAMPAIGN33,TV,HALO,BRAND6,BRAND3,2476.07439,723380.2526
BRAND3,2022,7,CAMPAIGN34,DIGITAL,TARGET,BRAND3,BRAND3,2350.516447,686698.747
BRAND3,2022,7,CAMPAIGN39,DIGITAL,TARGET,BRAND3,BRAND3,0,0
BRAND3,2022,7,CAMPAIGN46,DIGITAL,TARGET,BRAND3,BRAND3,0,0
BRAND3,2022,7,CAMPAIGN52,DIGITAL,TARGET,BRAND3,BRAND3,10.61408494,3100.883994
BRAND3,2022,7,CAMPAIGN53,DIGITAL,TARGET,BRAND3,BRAND3,19.46796919,5687.528826
BRAND3,2022,7,CAMPAIGN54,DIGITAL,TARGET,BRAND3,BRAND3,26.65099677,7786.036176
BRAND3,2022,7,CAMPAIGN7,DIGITAL,TARGET,BRAND3,BRAND3,0,0
BRAND3,2022,7,CAMPAIGN80,DIGITAL,TARGET,BRAND3,BRAND3,0.016233663,4.805349877
BRAND3,2022,7,CAMPAIGN81,TV,TARGET,BRAND3,BRAND3,5514.796818,1611137.02
BRAND3,2022,8,CAMPAIGN1,TV,HALO,BRAND6,BRAND3,0,0
BRAND3,2022,8,CAMPAIGN10,DIGITAL,TARGET,BRAND3,BRAND3,51.60754604,17287.36295
BRAND3,2022,8,CAMPAIGN11,DIGITAL,TARGET,BRAND3,BRAND3,0,0
BRAND3,2022,8,CAMPAIGN12,DIGITAL,TARGET,BRAND3,BRAND3,0,0
BRAND3,2022,8,CAMPAIGN13,DIGITAL,TARGET,BRAND3,BRAND3,626.6588819,209916.5795
BRAND3,2022,8,CAMPAIGN137,TV,HALO,BRAND1,BRAND3,0,0
BRAND3,2022,8,CAMPAIGN138,TV,TARGET,BRAND3,BRAND3,0,0
BRAND3,2022,8,CAMPAIGN146,TV,HALO,BRAND1,BRAND3,0,0
BRAND3,2022,8,CAMPAIGN147,TV,HALO,BRAND1,BRAND3,0,0
BRAND3,2022,8,CAMPAIGN148,TV,HALO,BRAND1,BRAND3,0,0
BRAND3,2022,8,CAMPAIGN149,TV,HALO,BRAND1,BRAND3,0,0
BRAND3,2022,8,CAMPAIGN150,TV,HALO,BRAND1,BRAND3,0,0
BRAND3,2022,8,CAMPAIGN151,TV,HALO,BRAND2,BRAND3,0,0
BRAND3,2022,8,CAMPAIGN152,TV,HALO,BRAND2,BRAND3,0,0
BRAND3,2022,8,CAMPAIGN153,DIGITAL,TARGET,BRAND3,BRAND3,0,0
BRAND3,2022,8,CAMPAIGN154,DIGITAL,TARGET,BRAND3,BRAND3,0,0
BRAND3,2022,8,CAMPAIGN155,DIGITAL,TARGET,BRAND3,BRAND3,0,0
BRAND3,2022,8,CAMPAIGN156,DIGITAL,TARGET,BRAND3,BRAND3,0,0
BRAND3,2022,8,CAMPAIGN157,DIGITAL,TARGET,BRAND3,BRAND3,0,0
BRAND3,2022,8,CAMPAIGN158,DIGITAL,TARGET,BRAND3,BRAND3,0,0
BRAND3,2022,8,CAMPAIGN159,DIGITAL,TARGET,BRAND3,BRAND3,0,0
BRAND3,2022,8,CAMPAIGN160,DIGITAL,TARGET,BRAND3,BRAND3,0,0
BRAND3,2022,8,CAMPAIGN160,TV,TARGET,BRAND3,BRAND3,0,0
BRAND3,2022,8,CAMPAIGN161,TV,TARGET,BRAND3,BRAND3,0,0
BRAND3,2022,8,CAMPAIGN162,TV,TARGET,BRAND3,BRAND3,0,0
BRAND3,2022,8,CAMPAIGN17,DIGITAL,TARGET,BRAND3,BRAND3,0,0
BRAND3,2022,8,CAMPAIGN18,DIGITAL,TARGET,BRAND3,BRAND3,0,0
BRAND3,2022,8,CAMPAIGN2,TV,HALO,BRAND2,BRAND3,912.1544509,305551.1504
BRAND3,2022,8,CAMPAIGN20,DIGITAL,TARGET,BRAND3,BRAND3,0,0
BRAND3,2022,8,CAMPAIGN22,DIGITAL,TARGET,BRAND3,BRAND3,0,0
BRAND3,2022,8,CAMPAIGN23,DIGITAL,TARGET,BRAND3,BRAND3,0,0
BRAND3,2022,8,CAMPAIGN24,DIGITAL,TARGET,BRAND3,BRAND3,0,0
BRAND3,2022,8,CAMPAIGN26,DIGITAL,TARGET,BRAND3,BRAND3,0,0
BRAND3,2022,8,CAMPAIGN27,DIGITAL,TARGET,BRAND3,BRAND3,0,0
BRAND3,2022,8,CAMPAIGN3,TV,HALO,BRAND5,BRAND3,0,0
BRAND3,2022,8,CAMPAIGN31,DIGITAL,TARGET,BRAND3,BRAND3,0,0
BRAND3,2022,8,CAMPAIGN32,DIGITAL,TARGET,BRAND3,BRAND3,0,0
BRAND3,2022,8,CAMPAIGN33,TV,HALO,BRAND6,BRAND3,2134.158812,714895.0261
BRAND3,2022,8,CAMPAIGN34,DIGITAL,TARGET,BRAND3,BRAND3,1585.358913,531059.4485
BRAND3,2022,8,CAMPAIGN36,TV,HALO,BRAND10,BRAND3,0,0
BRAND3,2022,8,CAMPAIGN39,DIGITAL,TARGET,BRAND3,BRAND3,0,0
BRAND3,2022,8,CAMPAIGN46,DIGITAL,TARGET,BRAND3,BRAND3,0,0
BRAND3,2022,8,CAMPAIGN52,DIGITAL,TARGET,BRAND3,BRAND3,5.470092612,1832.357545
BRAND3,2022,8,CAMPAIGN53,DIGITAL,TARGET,BRAND3,BRAND3,11.36788557,3807.985053
BRAND3,2022,8,CAMPAIGN54,DIGITAL,TARGET,BRAND3,BRAND3,13.21196334,4425.709476
BRAND3,2022,8,CAMPAIGN55,DIGITAL,TARGET,BRAND3,BRAND3,810.236853,271411.0557
BRAND3,2022,8,CAMPAIGN6,TV,HALO,BRAND5,BRAND3,3915.173796,1311494.842
BRAND3,2022,8,CAMPAIGN7,DIGITAL,TARGET,BRAND3,BRAND3,0,0
BRAND3,2022,8,CAMPAIGN80,DIGITAL,TARGET,BRAND3,BRAND3,0.016233663,4.805349877
BRAND3,2022,8,CAMPAIGN81,TV,TARGET,BRAND3,BRAND3,4237.417115,1419439.079
BRAND3,2022,9,CAMPAIGN1,TV,HALO,BRAND6,BRAND3,0,0
BRAND3,2022,9,CAMPAIGN10,DIGITAL,TARGET,BRAND3,BRAND3,91.81574918,32529.71364
BRAND3,2022,9,CAMPAIGN11,DIGITAL,TARGET,BRAND3,BRAND3,0,0
BRAND3,2022,9,CAMPAIGN12,DIGITAL,TARGET,BRAND3,BRAND3,0,0
BRAND3,2022,9,CAMPAIGN13,DIGITAL,TARGET,BRAND3,BRAND3,1057.080641,374516.6907
BRAND3,2022,9,CAMPAIGN137,TV,HALO,BRAND1,BRAND3,0,0
BRAND3,2022,9,CAMPAIGN138,TV,TARGET,BRAND3,BRAND3,0,0
BRAND3,2022,9,CAMPAIGN146,TV,HALO,BRAND1,BRAND3,0,0
BRAND3,2022,9,CAMPAIGN147,TV,HALO,BRAND1,BRAND3,0,0
BRAND3,2022,9,CAMPAIGN148,TV,HALO,BRAND1,BRAND3,0,0
BRAND3,2022,9,CAMPAIGN149,TV,HALO,BRAND1,BRAND3,0,0
BRAND3,2022,9,CAMPAIGN150,TV,HALO,BRAND1,BRAND3,0,0
BRAND3,2022,9,CAMPAIGN151,TV,HALO,BRAND2,BRAND3,0,0
BRAND3,2022,9,CAMPAIGN152,TV,HALO,BRAND2,BRAND3,0,0
BRAND3,2022,9,CAMPAIGN153,DIGITAL,TARGET,BRAND3,BRAND3,0,0
BRAND3,2022,9,CAMPAIGN154,DIGITAL,TARGET,BRAND3,BRAND3,0,0
BRAND3,2022,9,CAMPAIGN155,DIGITAL,TARGET,BRAND3,BRAND3,0,0
BRAND3,2022,9,CAMPAIGN156,DIGITAL,TARGET,BRAND3,BRAND3,0,0
BRAND3,2022,9,CAMPAIGN157,DIGITAL,TARGET,BRAND3,BRAND3,0,0
BRAND3,2022,9,CAMPAIGN158,DIGITAL,TARGET,BRAND3,BRAND3,0,0
BRAND3,2022,9,CAMPAIGN159,DIGITAL,TARGET,BRAND3,BRAND3,0,0
BRAND3,2022,9,CAMPAIGN160,DIGITAL,TARGET,BRAND3,BRAND3,0,0
BRAND3,2022,9,CAMPAIGN160,TV,TARGET,BRAND3,BRAND3,0,0
BRAND3,2022,9,CAMPAIGN161,TV,TARGET,BRAND3,BRAND3,0,0
BRAND3,2022,9,CAMPAIGN162,TV,TARGET,BRAND3,BRAND3,0,0
BRAND3,2022,9,CAMPAIGN17,DIGITAL,TARGET,BRAND3,BRAND3,0,0
BRAND3,2022,9,CAMPAIGN18,DIGITAL,TARGET,BRAND3,BRAND3,0,0
BRAND3,2022,9,CAMPAIGN2,TV,HALO,BRAND2,BRAND3,835.1403721,295884.7191
BRAND3,2022,9,CAMPAIGN20,DIGITAL,TARGET,BRAND3,BRAND3,0,0
BRAND3,2022,9,CAMPAIGN22,DIGITAL,TARGET,BRAND3,BRAND3,0,0
BRAND3,2022,9,CAMPAIGN23,DIGITAL,TARGET,BRAND3,BRAND3,0,0
BRAND3,2022,9,CAMPAIGN24,DIGITAL,TARGET,BRAND3,BRAND3,0,0
BRAND3,2022,9,CAMPAIGN26,DIGITAL,TARGET,BRAND3,BRAND3,0,0
BRAND3,2022,9,CAMPAIGN27,DIGITAL,TARGET,BRAND3,BRAND3,0,0
BRAND3,2022,9,CAMPAIGN3,TV,HALO,BRAND5,BRAND3,0,0
BRAND3,2022,9,CAMPAIGN31,DIGITAL,TARGET,BRAND3,BRAND3,0,0
BRAND3,2022,9,CAMPAIGN32,DIGITAL,TARGET,BRAND3,BRAND3,0,0
BRAND3,2022,9,CAMPAIGN33,TV,HALO,BRAND6,BRAND3,2528.540842,895845.3234
BRAND3,2022,9,CAMPAIGN34,DIGITAL,TARGET,BRAND3,BRAND3,1291.022633,457400.7938
BRAND3,2022,9,CAMPAIGN36,TV,HALO,BRAND10,BRAND3,0,0
BRAND3,2022,9,CAMPAIGN39,DIGITAL,TARGET,BRAND3,BRAND3,0,0
BRAND3,2022,9,CAMPAIGN46,DIGITAL,TARGET,BRAND3,BRAND3,0,0
BRAND3,2022,9,CAMPAIGN52,DIGITAL,TARGET,BRAND3,BRAND3,4.849222082,1718.047362
BRAND3,2022,9,CAMPAIGN53,DIGITAL,TARGET,BRAND3,BRAND3,19.2918488,6834.974638
BRAND3,2022,9,CAMPAIGN54,DIGITAL,TARGET,BRAND3,BRAND3,25.43737123,9012.292653
BRAND3,2022,9,CAMPAIGN55,DIGITAL,TARGET,BRAND3,BRAND3,962.7776936,341105.7792
BRAND3,2022,9,CAMPAIGN6,TV,HALO,BRAND5,BRAND3,2880.922761,1020691.91
BRAND3,2022,9,CAMPAIGN7,DIGITAL,TARGET,BRAND3,BRAND3,0,0
BRAND3,2022,9,CAMPAIGN80,DIGITAL,TARGET,BRAND3,BRAND3,0.016233663,4.805349877
BRAND3,2022,9,CAMPAIGN81,TV,TARGET,BRAND3,BRAND3,2891.198085,1024332.39
BRAND3,2022,10,CAMPAIGN1,TV,HALO,BRAND6,BRAND3,0,0
BRAND3,2022,10,CAMPAIGN10,DIGITAL,TARGET,BRAND3,BRAND3,421.6435831,144487.4656
BRAND3,2022,10,CAMPAIGN11,DIGITAL,TARGET,BRAND3,BRAND3,0,0
BRAND3,2022,10,CAMPAIGN12,DIGITAL,TARGET,BRAND3,BRAND3,0,0
BRAND3,2022,10,CAMPAIGN13,DIGITAL,TARGET,BRAND3,BRAND3,49.28120958,16887.52624
BRAND3,2022,10,CAMPAIGN137,TV,HALO,BRAND1,BRAND3,0,0
BRAND3,2022,10,CAMPAIGN138,TV,TARGET,BRAND3,BRAND3,0,0
BRAND3,2022,10,CAMPAIGN146,TV,HALO,BRAND1,BRAND3,0,0
BRAND3,2022,10,CAMPAIGN147,TV,HALO,BRAND1,BRAND3,0,0
BRAND3,2022,10,CAMPAIGN148,TV,HALO,BRAND1,BRAND3,0,0
BRAND3,2022,10,CAMPAIGN149,TV,HALO,BRAND1,BRAND3,0,0
BRAND3,2022,10,CAMPAIGN150,TV,HALO,BRAND1,BRAND3,0,0
BRAND3,2022,10,CAMPAIGN151,TV,HALO,BRAND2,BRAND3,0,0
BRAND3,2022,10,CAMPAIGN152,TV,HALO,BRAND2,BRAND3,0,0
BRAND3,2022,10,CAMPAIGN153,DIGITAL,TARGET,BRAND3,BRAND3,0,0
BRAND3,2022,10,CAMPAIGN154,DIGITAL,TARGET,BRAND3,BRAND3,0,0
BRAND3,2022,10,CAMPAIGN155,DIGITAL,TARGET,BRAND3,BRAND3,0,0
BRAND3,2022,10,CAMPAIGN156,DIGITAL,TARGET,BRAND3,BRAND3,0,0
BRAND3,2022,10,CAMPAIGN157,DIGITAL,TARGET,BRAND3,BRAND3,0,0
BRAND3,2022,10,CAMPAIGN158,DIGITAL,TARGET,BRAND3,BRAND3,0,0
BRAND3,2022,10,CAMPAIGN159,DIGITAL,TARGET,BRAND3,BRAND3,0,0
BRAND3,2022,10,CAMPAIGN160,DIGITAL,TARGET,BRAND3,BRAND3,0,0
BRAND3,2022,10,CAMPAIGN160,TV,TARGET,BRAND3,BRAND3,0,0
BRAND3,2022,10,CAMPAIGN161,TV,TARGET,BRAND3,BRAND3,0,0
BRAND3,2022,10,CAMPAIGN162,TV,TARGET,BRAND3,BRAND3,0,0
BRAND3,2022,10,CAMPAIGN17,DIGITAL,TARGET,BRAND3,BRAND3,0,0
BRAND3,2022,10,CAMPAIGN18,DIGITAL,TARGET,BRAND3,BRAND3,0,0
BRAND3,2022,10,CAMPAIGN2,TV,HALO,BRAND2,BRAND3,205.1652023,70305.351
BRAND3,2022,10,CAMPAIGN20,DIGITAL,TARGET,BRAND3,BRAND3,0,0
BRAND3,2022,10,CAMPAIGN22,DIGITAL,TARGET,BRAND3,BRAND3,0,0
BRAND3,2022,10,CAMPAIGN23,DIGITAL,TARGET,BRAND3,BRAND3,0,0
BRAND3,2022,10,CAMPAIGN24,DIGITAL,TARGET,BRAND3,BRAND3,0,0
BRAND3,2022,10,CAMPAIGN26,DIGITAL,TARGET,BRAND3,BRAND3,0,0
BRAND3,2022,10,CAMPAIGN27,DIGITAL,TARGET,BRAND3,BRAND3,0,0
BRAND3,2022,10,CAMPAIGN3,TV,HALO,BRAND5,BRAND3,0,0
BRAND3,2022,10,CAMPAIGN31,DIGITAL,TARGET,BRAND3,BRAND3,0,0
BRAND3,2022,10,CAMPAIGN32,DIGITAL,TARGET,BRAND3,BRAND3,0,0
BRAND3,2022,10,CAMPAIGN33,TV,HALO,BRAND6,BRAND3,0,0
BRAND3,2022,10,CAMPAIGN34,DIGITAL,TARGET,BRAND3,BRAND3,0,0
BRAND3,2022,10,CAMPAIGN36,TV,HALO,BRAND10,BRAND3,0,0
BRAND3,2022,10,CAMPAIGN39,DIGITAL,TARGET,BRAND3,BRAND3,0,0
BRAND3,2022,10,CAMPAIGN46,DIGITAL,TARGET,BRAND3,BRAND3,0,0
BRAND3,2022,10,CAMPAIGN52,DIGITAL,TARGET,BRAND3,BRAND3,0,0
BRAND3,2022,10,CAMPAIGN53,DIGITAL,TARGET,BRAND3,BRAND3,0,0
BRAND3,2022,10,CAMPAIGN54,DIGITAL,TARGET,BRAND3,BRAND3,0,0
BRAND3,2022,10,CAMPAIGN55,DIGITAL,TARGET,BRAND3,BRAND3,484.2381937,165937.1853
BRAND3,2022,10,CAMPAIGN6,TV,HALO,BRAND5,BRAND3,4674.032786,1601682.507
BRAND3,2022,10,CAMPAIGN7,DIGITAL,TARGET,BRAND3,BRAND3,0,0
BRAND3,2022,10,CAMPAIGN80,DIGITAL,TARGET,BRAND3,BRAND3,4.856969864,1664.370796
BRAND3,2022,10,CAMPAIGN81,TV,TARGET,BRAND3,BRAND3,3339.237043,1144278.999
BRAND3,2022,10,CAMPAIGN88,TV,HALO,BRAND2,BRAND3,1164.736686,399128.2179
BRAND3,2022,10,CAMPAIGN89,DIGITAL,TARGET,BRAND3,BRAND3,0.76248499,261.2859018
BRAND3,2022,10,CAMPAIGN91,DIGITAL,TARGET,BRAND3,BRAND3,42.2811556,14488.77028
BRAND3,2022,11,CAMPAIGN1,TV,HALO,BRAND6,BRAND3,0,0
BRAND3,2022,11,CAMPAIGN10,DIGITAL,TARGET,BRAND3,BRAND3,434.9914137,149884.8687
BRAND3,2022,11,CAMPAIGN11,DIGITAL,TARGET,BRAND3,BRAND3,0,0
BRAND3,2022,11,CAMPAIGN12,DIGITAL,TARGET,BRAND3,BRAND3,0,0
BRAND3,2022,11,CAMPAIGN13,DIGITAL,TARGET,BRAND3,BRAND3,424.3580715,146220.941
BRAND3,2022,11,CAMPAIGN137,TV,HALO,BRAND1,BRAND3,0,0
BRAND3,2022,11,CAMPAIGN138,TV,TARGET,BRAND3,BRAND3,0,0
BRAND3,2022,11,CAMPAIGN146,TV,HALO,BRAND1,BRAND3,0,0
BRAND3,2022,11,CAMPAIGN147,TV,HALO,BRAND1,BRAND3,0,0
BRAND3,2022,11,CAMPAIGN148,TV,HALO,BRAND1,BRAND3,0,0
BRAND3,2022,11,CAMPAIGN149,TV,HALO,BRAND1,BRAND3,0,0
BRAND3,2022,11,CAMPAIGN150,TV,HALO,BRAND1,BRAND3,0,0
BRAND3,2022,11,CAMPAIGN151,TV,HALO,BRAND2,BRAND3,0,0
BRAND3,2022,11,CAMPAIGN152,TV,HALO,BRAND2,BRAND3,0,0
BRAND3,2022,11,CAMPAIGN153,DIGITAL,TARGET,BRAND3,BRAND3,0,0
BRAND3,2022,11,CAMPAIGN154,DIGITAL,TARGET,BRAND3,BRAND3,0,0
BRAND3,2022,11,CAMPAIGN155,DIGITAL,TARGET,BRAND3,BRAND3,0,0
BRAND3,2022,11,CAMPAIGN156,DIGITAL,TARGET,BRAND3,BRAND3,0,0
BRAND3,2022,11,CAMPAIGN157,DIGITAL,TARGET,BRAND3,BRAND3,0,0
BRAND3,2022,11,CAMPAIGN158,DIGITAL,TARGET,BRAND3,BRAND3,0,0
BRAND3,2022,11,CAMPAIGN159,DIGITAL,TARGET,BRAND3,BRAND3,0,0
BRAND3,2022,11,CAMPAIGN160,DIGITAL,TARGET,BRAND3,BRAND3,0,0
BRAND3,2022,11,CAMPAIGN160,TV,TARGET,BRAND3,BRAND3,0,0
BRAND3,2022,11,CAMPAIGN161,TV,TARGET,BRAND3,BRAND3,0,0
BRAND3,2022,11,CAMPAIGN162,TV,TARGET,BRAND3,BRAND3,0,0
BRAND3,2022,11,CAMPAIGN17,DIGITAL,TARGET,BRAND3,BRAND3,0,0
BRAND3,2022,11,CAMPAIGN18,DIGITAL,TARGET,BRAND3,BRAND3,0,0
BRAND3,2022,11,CAMPAIGN2,TV,HALO,BRAND2,BRAND3,0,0
BRAND3,2022,11,CAMPAIGN20,DIGITAL,TARGET,BRAND3,BRAND3,0,0
BRAND3,2022,11,CAMPAIGN22,DIGITAL,TARGET,BRAND3,BRAND3,0,0
BRAND3,2022,11,CAMPAIGN23,DIGITAL,TARGET,BRAND3,BRAND3,0,0
BRAND3,2022,11,CAMPAIGN24,DIGITAL,TARGET,BRAND3,BRAND3,0,0
BRAND3,2022,11,CAMPAIGN26,DIGITAL,TARGET,BRAND3,BRAND3,0,0
BRAND3,2022,11,CAMPAIGN27,DIGITAL,TARGET,BRAND3,BRAND3,0,0
BRAND3,2022,11,CAMPAIGN3,TV,HALO,BRAND5,BRAND3,0,0
BRAND3,2022,11,CAMPAIGN31,DIGITAL,TARGET,BRAND3,BRAND3,0,0
BRAND3,2022,11,CAMPAIGN32,DIGITAL,TARGET,BRAND3,BRAND3,0,0
BRAND3,2022,11,CAMPAIGN33,TV,HALO,BRAND6,BRAND3,0,0
BRAND3,2022,11,CAMPAIGN34,DIGITAL,TARGET,BRAND3,BRAND3,0,0
BRAND3,2022,11,CAMPAIGN36,TV,HALO,BRAND10,BRAND3,0,0
BRAND3,2022,11,CAMPAIGN39,DIGITAL,TARGET,BRAND3,BRAND3,0,0
BRAND3,2022,11,CAMPAIGN46,DIGITAL,TARGET,BRAND3,BRAND3,0,0
BRAND3,2022,11,CAMPAIGN52,DIGITAL,TARGET,BRAND3,BRAND3,0,0
BRAND3,2022,11,CAMPAIGN53,DIGITAL,TARGET,BRAND3,BRAND3,0,0
BRAND3,2022,11,CAMPAIGN54,DIGITAL,TARGET,BRAND3,BRAND3,0,0
BRAND3,2022,11,CAMPAIGN55,DIGITAL,TARGET,BRAND3,BRAND3,542.0241341,186765.103
BRAND3,2022,11,CAMPAIGN6,TV,HALO,BRAND5,BRAND3,2715.953476,935835.3231
BRAND3,2022,11,CAMPAIGN7,DIGITAL,TARGET,BRAND3,BRAND3,0,0
BRAND3,2022,11,CAMPAIGN80,DIGITAL,TARGET,BRAND3,BRAND3,0.530697144,182.8621651
BRAND3,2022,11,CAMPAIGN81,TV,TARGET,BRAND3,BRAND3,0,0
BRAND3,2022,11,CAMPAIGN88,TV,HALO,BRAND2,BRAND3,1419.942765,489269.2782
BRAND3,2022,11,CAMPAIGN89,DIGITAL,TARGET,BRAND3,BRAND3,0.727256956,250.5907243
BRAND3,2022,11,CAMPAIGN91,DIGITAL,TARGET,BRAND3,BRAND3,2.912082091,1003.415305
BRAND3,2022,11,CAMPAIGN92,DIGITAL,TARGET,BRAND3,BRAND3,0.172241134,59.34907912
BRAND3,2022,12,CAMPAIGN1,TV,HALO,BRAND6,BRAND3,0,0
BRAND3,2022,12,CAMPAIGN10,DIGITAL,TARGET,BRAND3,BRAND3,328.5250341,126956.9219
BRAND3,2022,12,CAMPAIGN11,DIGITAL,TARGET,BRAND3,BRAND3,0,0
BRAND3,2022,12,CAMPAIGN12,DIGITAL,TARGET,BRAND3,BRAND3,0,0
BRAND3,2022,12,CAMPAIGN13,DIGITAL,TARGET,BRAND3,BRAND3,453.5629857,175277.2378
BRAND3,2022,12,CAMPAIGN137,TV,HALO,BRAND1,BRAND3,0,0
BRAND3,2022,12,CAMPAIGN138,TV,TARGET,BRAND3,BRAND3,0,0
BRAND3,2022,12,CAMPAIGN146,TV,HALO,BRAND1,BRAND3,0,0
BRAND3,2022,12,CAMPAIGN147,TV,HALO,BRAND1,BRAND3,0,0
BRAND3,2022,12,CAMPAIGN148,TV,HALO,BRAND1,BRAND3,0,0
BRAND3,2022,12,CAMPAIGN149,TV,HALO,BRAND1,BRAND3,0,0
BRAND3,2022,12,CAMPAIGN150,TV,HALO,BRAND1,BRAND3,0,0
BRAND3,2022,12,CAMPAIGN151,TV,HALO,BRAND2,BRAND3,0,0
BRAND3,2022,12,CAMPAIGN152,TV,HALO,BRAND2,BRAND3,0,0
BRAND3,2022,12,CAMPAIGN153,DIGITAL,TARGET,BRAND3,BRAND3,0,0
BRAND3,2022,12,CAMPAIGN154,DIGITAL,TARGET,BRAND3,BRAND3,0,0
BRAND3,2022,12,CAMPAIGN155,DIGITAL,TARGET,BRAND3,BRAND3,0,0
BRAND3,2022,12,CAMPAIGN156,DIGITAL,TARGET,BRAND3,BRAND3,0,0
BRAND3,2022,12,CAMPAIGN157,DIGITAL,TARGET,BRAND3,BRAND3,0,0
BRAND3,2022,12,CAMPAIGN158,DIGITAL,TARGET,BRAND3,BRAND3,0,0
BRAND3,2022,12,CAMPAIGN159,DIGITAL,TARGET,BRAND3,BRAND3,0,0
BRAND3,2022,12,CAMPAIGN16,TV,HALO,BRAND9,BRAND3,1589.007508,614064.3212
BRAND3,2022,12,CAMPAIGN160,DIGITAL,TARGET,BRAND3,BRAND3,0,0
BRAND3,2022,12,CAMPAIGN160,TV,TARGET,BRAND3,BRAND3,0,0
BRAND3,2022,12,CAMPAIGN161,TV,TARGET,BRAND3,BRAND3,0,0
BRAND3,2022,12,CAMPAIGN162,TV,TARGET,BRAND3,BRAND3,0,0
BRAND3,2022,12,CAMPAIGN17,DIGITAL,TARGET,BRAND3,BRAND3,0,0
BRAND3,2022,12,CAMPAIGN18,DIGITAL,TARGET,BRAND3,BRAND3,0,0
BRAND3,2022,12,CAMPAIGN2,TV,HALO,BRAND2,BRAND3,0,0
BRAND3,2022,12,CAMPAIGN20,DIGITAL,TARGET,BRAND3,BRAND3,0,0
BRAND3,2022,12,CAMPAIGN22,DIGITAL,TARGET,BRAND3,BRAND3,0,0
BRAND3,2022,12,CAMPAIGN23,DIGITAL,TARGET,BRAND3,BRAND3,0,0
BRAND3,2022,12,CAMPAIGN24,DIGITAL,TARGET,BRAND3,BRAND3,0,0
BRAND3,2022,12,CAMPAIGN26,DIGITAL,TARGET,BRAND3,BRAND3,0,0
BRAND3,2022,12,CAMPAIGN27,DIGITAL,TARGET,BRAND3,BRAND3,0,0
BRAND3,2022,12,CAMPAIGN3,TV,HALO,BRAND5,BRAND3,0,0
BRAND3,2022,12,CAMPAIGN31,DIGITAL,TARGET,BRAND3,BRAND3,0,0
BRAND3,2022,12,CAMPAIGN32,DIGITAL,TARGET,BRAND3,BRAND3,0,0
BRAND3,2022,12,CAMPAIGN33,TV,HALO,BRAND6,BRAND3,0,0
BRAND3,2022,12,CAMPAIGN34,DIGITAL,TARGET,BRAND3,BRAND3,0,0
BRAND3,2022,12,CAMPAIGN36,TV,HALO,BRAND10,BRAND3,0,0
BRAND3,2022,12,CAMPAIGN39,DIGITAL,TARGET,BRAND3,BRAND3,0,0
BRAND3,2022,12,CAMPAIGN46,DIGITAL,TARGET,BRAND3,BRAND3,0,0
BRAND3,2022,12,CAMPAIGN52,DIGITAL,TARGET,BRAND3,BRAND3,0,0
BRAND3,2022,12,CAMPAIGN53,DIGITAL,TARGET,BRAND3,BRAND3,0,0
BRAND3,2022,12,CAMPAIGN54,DIGITAL,TARGET,BRAND3,BRAND3,0,0
BRAND3,2022,12,CAMPAIGN55,DIGITAL,TARGET,BRAND3,BRAND3,604.8093317,233725.6619
BRAND3,2022,12,CAMPAIGN6,TV,HALO,BRAND5,BRAND3,2769.667419,1070324.674
BRAND3,2022,12,CAMPAIGN7,DIGITAL,TARGET,BRAND3,BRAND3,0,0
BRAND3,2022,12,CAMPAIGN80,DIGITAL,TARGET,BRAND3,BRAND3,0.438002672,167.7959583
BRAND3,2022,12,CAMPAIGN81,TV,TARGET,BRAND3,BRAND3,0,0
BRAND3,2022,12,CAMPAIGN88,TV,HALO,BRAND2,BRAND3,696.8416335,269291.103
BRAND3,2022,12,CAMPAIGN89,DIGITAL,TARGET,BRAND3,BRAND3,0.20470846,68.95977887
BRAND3,2022,12,CAMPAIGN91,DIGITAL,TARGET,BRAND3,BRAND3,3.257183088,1258.722763
BRAND3,2022,12,CAMPAIGN92,DIGITAL,TARGET,BRAND3,BRAND3,0.838183746,323.9120835
BRAND3,2022,12,CAMPAIGN95,TV,HALO,BRAND9,BRAND3,497.1759059,192131.2414
BRAND3,2023,1,BASE,BASE,BASE,BRAND3,BRAND3,507302.0452,169277491
BRAND3,2023,1,CAMPAIGN1,TV,HALO,BRAND6,BRAND3,0,0
BRAND3,2023,1,CAMPAIGN10,DIGITAL,TARGET,BRAND3,BRAND3,468.6351139,156375.0374
BRAND3,2023,1,CAMPAIGN13,DIGITAL,TARGET,BRAND3,BRAND3,0,0
BRAND3,2023,1,CAMPAIGN2,TV,HALO,BRAND2,BRAND3,0,0
BRAND3,2023,1,CAMPAIGN3,TV,HALO,BRAND5,BRAND3,0,0
BRAND3,2023,1,CAMPAIGN33,TV,HALO,BRAND6,BRAND3,0,0
BRAND3,2023,1,CAMPAIGN36,TV,HALO,BRAND10,BRAND3,0,0
BRAND3,2023,1,CAMPAIGN6,TV,HALO,BRAND5,BRAND3,0,0
BRAND3,2023,1,CAMPAIGN79,DIGITAL,TARGET,BRAND3,BRAND3,78.64214546,26241.45753
BRAND3,2023,1,CAMPAIGN88,TV,HALO,BRAND2,BRAND3,2287.693051,763361.6768
BRAND3,2023,1,CAMPAIGN95,TV,HALO,BRAND9,BRAND3,1903.380995,635123.7145
BRAND3,2023,1,PROMO,DISCOUNT,PROMO,BRAND3,BRAND3,3506.76824,1170144.956
BRAND3,2023,1,PROMO,MCLN_OTHERPACKSACHET,PROMO,BRAND3,BRAND3,267.101299,89126.85881
BRAND3,2023,1,TRADE,LN_DISPLAY,TRADE,BRAND3,BRAND3,16517.94654,5511739.157
BRAND3,2023,1,TRADE,LOCALTHEMATIC,TRADE,BRAND3,BRAND3,10170.18551,3393606.439
BRAND3,2023,1,TRADE,NPILISTING,TRADE,BRAND3,BRAND3,0,0
BRAND3,2023,2,BASE,BASE,BASE,BRAND3,BRAND3,466028.1626,155372316.8
BRAND3,2023,2,CAMPAIGN1,TV,HALO,BRAND6,BRAND3,0,0
BRAND3,2023,2,CAMPAIGN10,DIGITAL,TARGET,BRAND3,BRAND3,360.0904429,120053.0158
BRAND3,2023,2,CAMPAIGN102,DIGITAL,TARGET,BRAND3,BRAND3,83.93323744,27983.07613
BRAND3,2023,2,CAMPAIGN13,DIGITAL,TARGET,BRAND3,BRAND3,535.9087753,178670.2922
BRAND3,2023,2,CAMPAIGN2,TV,HALO,BRAND2,BRAND3,0,0
BRAND3,2023,2,CAMPAIGN3,TV,HALO,BRAND5,BRAND3,0,0
BRAND3,2023,2,CAMPAIGN33,TV,HALO,BRAND6,BRAND3,0,0
BRAND3,2023,2,CAMPAIGN36,TV,HALO,BRAND10,BRAND3,0,0
BRAND3,2023,2,CAMPAIGN39,DIGITAL,TARGET,BRAND3,BRAND3,0,0
BRAND3,2023,2,CAMPAIGN6,TV,HALO,BRAND5,BRAND3,0,0
BRAND3,2023,2,CAMPAIGN79,DIGITAL,TARGET,BRAND3,BRAND3,52.02234035,17344.08388
BRAND3,2023,2,CAMPAIGN88,TV,HALO,BRAND2,BRAND3,1888.967012,629775.6327
BRAND3,2023,2,CAMPAIGN95,TV,HALO,BRAND9,BRAND3,2283.017546,761150.8354
BRAND3,2023,2,PROMO,DISCOUNT,PROMO,BRAND3,BRAND3,3736.190982,1245634.267
BRAND3,2023,2,PROMO,MCLN_OTHERPACKSACHET,PROMO,BRAND3,BRAND3,489.1069961,163066.7269
BRAND3,2023,2,TRADE,LN_DISPLAY,TRADE,BRAND3,BRAND3,15357.31473,5120080.201
BRAND3,2023,2,TRADE,LOCALTHEMATIC,TRADE,BRAND3,BRAND3,6451.273102,2150834.066
BRAND3,2023,2,TRADE,NPILISTING,TRADE,BRAND3,BRAND3,0,0
BRAND3,2023,3,BASE,BASE,BASE,BRAND3,BRAND3,510309.4577,170996468.7
BRAND3,2023,3,CAMPAIGN10,DIGITAL,TARGET,BRAND3,BRAND3,452.0176489,151463.8237
BRAND3,2023,3,CAMPAIGN102,DIGITAL,TARGET,BRAND3,BRAND3,61.9894436,20771.66274
BRAND3,2023,3,CAMPAIGN13,DIGITAL,TARGET,BRAND3,BRAND3,560.5851538,187843.0436
BRAND3,2023,3,CAMPAIGN2,TV,HALO,BRAND2,BRAND3,0,0
BRAND3,2023,3,CAMPAIGN3,TV,HALO,BRAND5,BRAND3,0,0
BRAND3,2023,3,CAMPAIGN39,DIGITAL,TARGET,BRAND3,BRAND3,0,0
BRAND3,2023,3,CAMPAIGN6,TV,HALO,BRAND5,BRAND3,0,0
BRAND3,2023,3,CAMPAIGN79,DIGITAL,TARGET,BRAND3,BRAND3,78.86219538,26425.44973
BRAND3,2023,3,CAMPAIGN88,TV,HALO,BRAND2,BRAND3,2950.55201,988682.3902
BRAND3,2023,3,CAMPAIGN95,TV,HALO,BRAND9,BRAND3,0,0
BRAND3,2023,3,PROMO,DISCOUNT,PROMO,BRAND3,BRAND3,1364.782159,457316.4894
BRAND3,2023,3,PROMO,MCLN_OTHERPACKSACHET,PROMO,BRAND3,BRAND3,912.6499662,305814.2839
BRAND3,2023,3,TRADE,LN_DISPLAY,TRADE,BRAND3,BRAND3,16431.89331,5506062.424
BRAND3,2023,3,TRADE,LOCALTHEMATIC,TRADE,BRAND3,BRAND3,7600.270658,2546728.116
BRAND3,2023,3,TRADE,NPILISTING,TRADE,BRAND3,BRAND3,646.0259105,216472.8631
BRAND3,2023,4,BASE,BASE,BASE,BRAND3,BRAND3,458538.7762,152419162.6
BRAND3,2023,4,CAMPAIGN10,DIGITAL,TARGET,BRAND3,BRAND3,309.9417638,103025.2326
BRAND3,2023,4,CAMPAIGN102,DIGITAL,TARGET,BRAND3,BRAND3,39.94387899,13277.42146
BRAND3,2023,4,CAMPAIGN114,DIGITAL,TARGET,BRAND3,BRAND3,11.64040417,3869.292517
BRAND3,2023,4,CAMPAIGN13,DIGITAL,TARGET,BRAND3,BRAND3,1775.201323,590080.301
BRAND3,2023,4,CAMPAIGN2,TV,HALO,BRAND2,BRAND3,0,0
BRAND3,2023,4,CAMPAIGN3,TV,HALO,BRAND5,BRAND3,0,0
BRAND3,2023,4,CAMPAIGN39,DIGITAL,TARGET,BRAND3,BRAND3,0,0
BRAND3,2023,4,CAMPAIGN6,TV,HALO,BRAND5,BRAND3,0,0
BRAND3,2023,4,CAMPAIGN79,DIGITAL,TARGET,BRAND3,BRAND3,54.67932505,18175.51179
BRAND3,2023,4,CAMPAIGN88,TV,HALO,BRAND2,BRAND3,1715.748681,570318.1297
BRAND3,2023,4,CAMPAIGN95,TV,HALO,BRAND9,BRAND3,0,0
BRAND3,2023,4,PROMO,DISCOUNT,PROMO,BRAND3,BRAND3,810.4247289,269386.7235
BRAND3,2023,4,PROMO,MCLN_OTHERPACKSACHET,PROMO,BRAND3,BRAND3,591.8902376,196745.4423
BRAND3,2023,4,TRADE,LN_DISPLAY,TRADE,BRAND3,BRAND3,14591.39547,4850207.648
BRAND3,2023,4,TRADE,LOCALTHEMATIC,TRADE,BRAND3,BRAND3,6297.581084,2093327.947
BRAND3,2023,4,TRADE,NPILISTING,TRADE,BRAND3,BRAND3,0,0
BRAND3,2023,5,BASE,BASE,BASE,BRAND3,BRAND3,541300.7316,176358574.4
BRAND3,2023,5,CAMPAIGN10,DIGITAL,TARGET,BRAND3,BRAND3,352.2223092,114755.8477
BRAND3,2023,5,CAMPAIGN102,DIGITAL,TARGET,BRAND3,BRAND3,0,0
BRAND3,2023,5,CAMPAIGN114,DIGITAL,TARGET,BRAND3,BRAND3,8.603652732,2803.114502
BRAND3,2023,5,CAMPAIGN115,DIGITAL,TARGET,BRAND3,BRAND3,6.046892116,1970.108687
BRAND3,2023,5,CAMPAIGN116,TV,HALO,BRAND4,BRAND3,1410.248559,459466.2651
BRAND3,2023,5,CAMPAIGN13,DIGITAL,TARGET,BRAND3,BRAND3,1274.708649,415306.6622
BRAND3,2023,5,CAMPAIGN2,TV,HALO,BRAND2,BRAND3,0,0
BRAND3,2023,5,CAMPAIGN3,TV,HALO,BRAND5,BRAND3,0,0
BRAND3,2023,5,CAMPAIGN39,DIGITAL,TARGET,BRAND3,BRAND3,0,0
BRAND3,2023,5,CAMPAIGN6,TV,HALO,BRAND5,BRAND3,0,0
BRAND3,2023,5,CAMPAIGN79,DIGITAL,TARGET,BRAND3,BRAND3,48.40974262,15772.1442
BRAND3,2023,5,CAMPAIGN88,TV,HALO,BRAND2,BRAND3,2608.970972,850016.2192
BRAND3,2023,5,CAMPAIGN95,TV,HALO,BRAND9,BRAND3,0,0
BRAND3,2023,5,PROMO,DISCOUNT,PROMO,BRAND3,BRAND3,670.3520799,218404.1703
BRAND3,2023,5,PROMO,MCLN_OTHERPACKSACHET,PROMO,BRAND3,BRAND3,952.3983344,310296.2969
BRAND3,2023,5,TRADE,LN_DISPLAY,TRADE,BRAND3,BRAND3,16477.69897,5368519.44
BRAND3,2023,5,TRADE,LOCALTHEMATIC,TRADE,BRAND3,BRAND3,11527.24906,3755637.286
BRAND3,2023,5,TRADE,NPILISTING,TRADE,BRAND3,BRAND3,7807.445477,2543706.066
BRAND3,2023,6,BASE,BASE,BASE,BRAND3,BRAND3,500274.9521,171078945.7
BRAND3,2023,6,CAMPAIGN10,DIGITAL,TARGET,BRAND3,BRAND3,408.6653535,139751.2258
BRAND3,2023,6,CAMPAIGN102,DIGITAL,TARGET,BRAND3,BRAND3,0,0
BRAND3,2023,6,CAMPAIGN114,DIGITAL,TARGET,BRAND3,BRAND3,0,0
BRAND3,2023,6,CAMPAIGN115,DIGITAL,TARGET,BRAND3,BRAND3,0,0
BRAND3,2023,6,CAMPAIGN116,TV,HALO,BRAND4,BRAND3,1367.222581,467548.8882
BRAND3,2023,6,CAMPAIGN119,TV,HALO,BRAND2,BRAND3,2486.438024,850286.8148
BRAND3,2023,6,CAMPAIGN13,DIGITAL,TARGET,BRAND3,BRAND3,0,0
BRAND3,2023,6,CAMPAIGN2,TV,HALO,BRAND2,BRAND3,0,0
BRAND3,2023,6,CAMPAIGN39,DIGITAL,TARGET,BRAND3,BRAND3,0,0
BRAND3,2023,6,CAMPAIGN79,DIGITAL,TARGET,BRAND3,BRAND3,70.05362978,23956.22861
BRAND3,2023,6,CAMPAIGN88,TV,HALO,BRAND2,BRAND3,186.7811854,63873.53222
BRAND3,2023,6,CAMPAIGN95,TV,HALO,BRAND9,BRAND3,0,0
BRAND3,2023,6,PROMO,DISCOUNT,PROMO,BRAND3,BRAND3,492.0031317,168250.2326
BRAND3,2023,6,PROMO,MCLN_OTHERPACKSACHET,PROMO,BRAND3,BRAND3,977.792949,334375.699
BRAND3,2023,6,TRADE,LN_DISPLAY,TRADE,BRAND3,BRAND3,15528.78364,5310375.667
BRAND3,2023,6,TRADE,LOCALTHEMATIC,TRADE,BRAND3,BRAND3,14234.68426,4867832.709
BRAND3,2023,6,TRADE,NPILISTING,TRADE,BRAND3,BRAND3,0,0
BRAND3,2023,7,BASE,BASE,BASE,BRAND3,BRAND3,436611.814,151436789.1
BRAND3,2023,7,CAMPAIGN10,DIGITAL,TARGET,BRAND3,BRAND3,351.0066834,121745.0453
BRAND3,2023,7,CAMPAIGN102,DIGITAL,TARGET,BRAND3,BRAND3,0,0
BRAND3,2023,7,CAMPAIGN114,DIGITAL,TARGET,BRAND3,BRAND3,3.497823221,1213.203813
BRAND3,2023,7,CAMPAIGN115,DIGITAL,TARGET,BRAND3,BRAND3,8.363850236,2900.962785
BRAND3,2023,7,CAMPAIGN116,TV,HALO,BRAND4,BRAND3,992.702131,344314.1445
BRAND3,2023,7,CAMPAIGN119,TV,HALO,BRAND2,BRAND3,1398.966145,485224.9393
BRAND3,2023,7,CAMPAIGN124,TV,HALO,BRAND5,BRAND3,2140.466441,742410.8889
BRAND3,2023,7,CAMPAIGN13,DIGITAL,TARGET,BRAND3,BRAND3,0,0
BRAND3,2023,7,CAMPAIGN2,TV,HALO,BRAND2,BRAND3,0,0
BRAND3,2023,7,CAMPAIGN3,TV,HALO,BRAND5,BRAND3,0,0
BRAND3,2023,7,CAMPAIGN39,DIGITAL,TARGET,BRAND3,BRAND3,0,0
BRAND3,2023,7,CAMPAIGN6,TV,HALO,BRAND5,BRAND3,0,0
BRAND3,2023,7,CAMPAIGN79,DIGITAL,TARGET,BRAND3,BRAND3,64.50977083,22374.91576
BRAND3,2023,7,CAMPAIGN88,TV,HALO,BRAND2,BRAND3,0,0
BRAND3,2023,7,CAMPAIGN95,TV,HALO,BRAND9,BRAND3,0,0
BRAND3,2023,7,PROMO,DISCOUNT,PROMO,BRAND3,BRAND3,118.4503726,41083.96411
BRAND3,2023,7,PROMO,MCLN_OTHERPACKSACHET,PROMO,BRAND3,BRAND3,593.1593909,205734.5923
BRAND3,2023,7,TRADE,LN_DISPLAY,TRADE,BRAND3,BRAND3,12982.74836,4503006.243
BRAND3,2023,7,TRADE,LOCALTHEMATIC,TRADE,BRAND3,BRAND3,4518.032781,1567058.782
BRAND3,2023,7,TRADE,NPILISTING,TRADE,BRAND3,BRAND3,13.06877496,4532.844172
BRAND3,2023,8,BASE,BASE,BASE,BRAND3,BRAND3,476915.7686,157958783.7
BRAND3,2023,8,CAMPAIGN10,DIGITAL,TARGET,BRAND3,BRAND3,264.5015862,87605.29969
BRAND3,2023,8,CAMPAIGN102,DIGITAL,TARGET,BRAND3,BRAND3,0,0
BRAND3,2023,8,CAMPAIGN114,DIGITAL,TARGET,BRAND3,BRAND3,0,0
BRAND3,2023,8,CAMPAIGN115,DIGITAL,TARGET,BRAND3,BRAND3,0,0
BRAND3,2023,8,CAMPAIGN116,TV,HALO,BRAND4,BRAND3,1253.05227,415022.1599
BRAND3,2023,8,CAMPAIGN119,TV,HALO,BRAND2,BRAND3,2038.840519,675282.282
BRAND3,2023,8,CAMPAIGN121,TV,HALO,BRAND1,BRAND3,4094.691335,1356198.527
BRAND3,2023,8,CAMPAIGN124,TV,HALO,BRAND5,BRAND3,2300.500503,761946.4173
BRAND3,2023,8,CAMPAIGN13,DIGITAL,TARGET,BRAND3,BRAND3,0,0
BRAND3,2023,8,CAMPAIGN137,TV,HALO,BRAND1,BRAND3,0,0
BRAND3,2023,8,CAMPAIGN2,TV,HALO,BRAND2,BRAND3,0,0
BRAND3,2023,8,CAMPAIGN3,TV,HALO,BRAND5,BRAND3,0,0
BRAND3,2023,8,CAMPAIGN39,DIGITAL,TARGET,BRAND3,BRAND3,0,0
BRAND3,2023,8,CAMPAIGN6,TV,HALO,BRAND5,BRAND3,0,0
BRAND3,2023,8,CAMPAIGN79,DIGITAL,TARGET,BRAND3,BRAND3,0,0
BRAND3,2023,8,CAMPAIGN88,TV,HALO,BRAND2,BRAND3,0,0
BRAND3,2023,8,PROMO,DISCOUNT,PROMO,BRAND3,BRAND3,1158.122423,383580.5427
BRAND3,2023,8,PROMO,MCLN_OTHERPACKSACHET,PROMO,BRAND3,BRAND3,972.7702491,322190.2387
BRAND3,2023,8,TRADE,LN_DISPLAY,TRADE,BRAND3,BRAND3,14232.92059,4714071.063
BRAND3,2023,8,TRADE,LOCALTHEMATIC,TRADE,BRAND3,BRAND3,5836.009473,1932938.725
BRAND3,2023,8,TRADE,NPILISTING,TRADE,BRAND3,BRAND3,0,0
BRAND3,2023,9,BASE,BASE,BASE,BRAND3,BRAND3,496115.9291,167841689.7
BRAND3,2023,9,CAMPAIGN10,DIGITAL,TARGET,BRAND3,BRAND3,451.3054395,152681.7889
BRAND3,2023,9,CAMPAIGN102,DIGITAL,TARGET,BRAND3,BRAND3,0,0
BRAND3,2023,9,CAMPAIGN114,DIGITAL,TARGET,BRAND3,BRAND3,0,0
BRAND3,2023,9,CAMPAIGN115,DIGITAL,TARGET,BRAND3,BRAND3,0,0
BRAND3,2023,9,CAMPAIGN116,TV,HALO,BRAND4,BRAND3,3769.228142,1275172.965
BRAND3,2023,9,CAMPAIGN119,TV,HALO,BRAND2,BRAND3,1737.90236,587952.2339
BRAND3,2023,9,CAMPAIGN121,TV,HALO,BRAND1,BRAND3,3895.124917,1317765.283
BRAND3,2023,9,CAMPAIGN124,TV,HALO,BRAND5,BRAND3,1856.792048,628173.9742
BRAND3,2023,9,CAMPAIGN126,TV,HALO,BRAND2,BRAND3,731.4071598,247443.4026
BRAND3,2023,9,CAMPAIGN13,DIGITAL,TARGET,BRAND3,BRAND3,0,0
BRAND3,2023,9,CAMPAIGN137,TV,HALO,BRAND1,BRAND3,0,0
BRAND3,2023,9,CAMPAIGN2,TV,HALO,BRAND2,BRAND3,0,0
BRAND3,2023,9,CAMPAIGN3,TV,HALO,BRAND5,BRAND3,0,0
BRAND3,2023,9,CAMPAIGN39,DIGITAL,TARGET,BRAND3,BRAND3,0,0
BRAND3,2023,9,CAMPAIGN6,TV,HALO,BRAND5,BRAND3,0,0
BRAND3,2023,9,CAMPAIGN79,DIGITAL,TARGET,BRAND3,BRAND3,0.377202125,127.6117907
BRAND3,2023,9,CAMPAIGN88,TV,HALO,BRAND2,BRAND3,0,0
BRAND3,2023,9,PROMO,DISCOUNT,PROMO,BRAND3,BRAND3,1410.853384,477307.8267
BRAND3,2023,9,PROMO,MCLN_OTHERPACKSACHET,PROMO,BRAND3,BRAND3,1404.624213,475200.4269
BRAND3,2023,9,TRADE,LN_DISPLAY,TRADE,BRAND3,BRAND3,15651.23347,5294991.186
BRAND3,2023,9,TRADE,LOCALTHEMATIC,TRADE,BRAND3,BRAND3,8952.637295,3028779.531
BRAND3,2023,9,TRADE,NPILISTING,TRADE,BRAND3,BRAND3,40.05315144,13550.43897
BRAND3,2023,10,BASE,BASE,BASE,BRAND3,BRAND3,466837.0407,155602057.1
BRAND3,2023,10,CAMPAIGN10,DIGITAL,TARGET,BRAND3,BRAND3,321.1291153,107035.9602
BRAND3,2023,10,CAMPAIGN114,DIGITAL,TARGET,BRAND3,BRAND3,0,0
BRAND3,2023,10,CAMPAIGN115,DIGITAL,TARGET,BRAND3,BRAND3,0,0
BRAND3,2023,10,CAMPAIGN116,TV,HALO,BRAND4,BRAND3,0,0
BRAND3,2023,10,CAMPAIGN119,TV,HALO,BRAND2,BRAND3,0,0
BRAND3,2023,10,CAMPAIGN121,TV,HALO,BRAND1,BRAND3,2864.879979,954896.8464
BRAND3,2023,10,CAMPAIGN124,TV,HALO,BRAND5,BRAND3,0,0
BRAND3,2023,10,CAMPAIGN126,TV,HALO,BRAND2,BRAND3,1880.470614,626782.0894
BRAND3,2023,10,CAMPAIGN13,DIGITAL,TARGET,BRAND3,BRAND3,0,0
BRAND3,2023,10,CAMPAIGN137,TV,HALO,BRAND1,BRAND3,0,0
BRAND3,2023,10,CAMPAIGN2,TV,HALO,BRAND2,BRAND3,0,0
BRAND3,2023,10,CAMPAIGN3,TV,HALO,BRAND5,BRAND3,0,0
BRAND3,2023,10,CAMPAIGN6,TV,HALO,BRAND5,BRAND3,0,0
BRAND3,2023,10,CAMPAIGN79,DIGITAL,TARGET,BRAND3,BRAND3,2.271561008,757.136934
BRAND3,2023,10,CAMPAIGN88,TV,HALO,BRAND2,BRAND3,0,0
BRAND3,2023,10,PROMO,DISCOUNT,PROMO,BRAND3,BRAND3,1112.416116,370780.8527
BRAND3,2023,10,PROMO,MCLN_OTHERPACKSACHET,PROMO,BRAND3,BRAND3,1071.865206,357264.7765
BRAND3,2023,10,TRADE,LN_DISPLAY,TRADE,BRAND3,BRAND3,14254.81492,4751290.775
BRAND3,2023,10,TRADE,LOCALTHEMATIC,TRADE,BRAND3,BRAND3,8471.02364,2823487.832
BRAND3,2023,10,TRADE,NPILISTING,TRADE,BRAND3,BRAND3,150.9498966,50313.30504
BRAND3,2023,11,BASE,BASE,BASE,BRAND3,BRAND3,519902.478,175378461.7
BRAND3,2023,11,CAMPAIGN10,DIGITAL,TARGET,BRAND3,BRAND3,265.0091664,89395.41912
BRAND3,2023,11,CAMPAIGN116,TV,HALO,BRAND4,BRAND3,0,0
BRAND3,2023,11,CAMPAIGN119,TV,HALO,BRAND2,BRAND3,0,0
BRAND3,2023,11,CAMPAIGN121,TV,HALO,BRAND1,BRAND3,3248.873099,1095940.855
BRAND3,2023,11,CAMPAIGN124,TV,HALO,BRAND5,BRAND3,0,0
BRAND3,2023,11,CAMPAIGN126,TV,HALO,BRAND2,BRAND3,1926.542847,649879.8046
BRAND3,2023,11,CAMPAIGN13,DIGITAL,TARGET,BRAND3,BRAND3,0,0
BRAND3,2023,11,CAMPAIGN137,TV,HALO,BRAND1,BRAND3,0,0
BRAND3,2023,11,CAMPAIGN2,TV,HALO,BRAND2,BRAND3,0,0
BRAND3,2023,11,CAMPAIGN3,TV,HALO,BRAND5,BRAND3,0,0
BRAND3,2023,11,CAMPAIGN6,TV,HALO,BRAND5,BRAND3,0,0
BRAND3,2023,11,CAMPAIGN79,DIGITAL,TARGET,BRAND3,BRAND3,1.69175478,570.6788549
BRAND3,2023,11,CAMPAIGN88,TV,HALO,BRAND2,BRAND3,0,0
BRAND3,2023,11,PROMO,DISCOUNT,PROMO,BRAND3,BRAND3,500.6607256,168887.6502
BRAND3,2023,11,PROMO,MCLN_OTHERPACKSACHET,PROMO,BRAND3,BRAND3,341.5175007,115203.9401
BRAND3,2023,11,TRADE,LN_DISPLAY,TRADE,BRAND3,BRAND3,15925.80324,5372243.818
BRAND3,2023,11,TRADE,LOCALTHEMATIC,TRADE,BRAND3,BRAND3,8310.347308,2803325.601
BRAND3,2023,11,TRADE,NPILISTING,TRADE,BRAND3,BRAND3,9.819766743,3312.497359
